Code,Name,Market,현금배당수익률(%)_당기,주당 현금배당금(원)
263770,유에스티,KOSDAQ,100,100
010240,흥국,KOSDAQ,48,240
015360,예스코홀딩스,KOSPI,25.6,8750
078520,에이블씨엔씨,KOSPI,21.1,1427
101930,인화정공,KOSDAQ,19.1,2250
161580,필옵틱스,KOSDAQ,14.27,1548
096240,크레버스,KOSDAQ,11.9,2000
208140,정다운,KOSDAQ,10.7,300
002960,한국쉘석유,KOSPI,10.3,25000
314140,알피바이오,KOSDAQ,10,50
010040,한국내화,KOSPI,9,45
092790,넥스틸,KOSPI,8.96,700
017800,현대엘리베이,KOSPI,8.8,4000
145270,케이탑리츠,KOSPI,8.8,95
009240,한샘,KOSPI,8.5,4500
001750,한양증권,KOSPI,8.2,800
204210,스타리츠,KOSPI,8.15,961
282690,동아타이어,KOSPI,8.01,1000
086710,선진뷰티사이언스,KOSDAQ,8,40
082640,동양생명,KOSPI,8,400
029780,삼성카드,KOSPI,7.8,2500
039130,하나투어,KOSPI,7.8,5000
017940,E1,KOSPI,7.72,5150
065710,서호전기,KOSDAQ,7.5,1500
003540,대신증권,KOSPI,7.41,1200
072870,메가스터디,KOSDAQ,7.3,850
024110,기업은행,KOSPI,7.3,984
040420,정상제이엘에스,KOSDAQ,7.23,530
067990,도이치모터스,KOSDAQ,7.2,370
017670,SK텔레콤,KOSPI,7.1,3540
007330,푸른저축은행,KOSDAQ,7.08,650
037710,광주신세계,KOSPI,7.03,2200
035000,HS애드,KOSPI,7,450
029960,코엔텍,KOSDAQ,7,500
019440,세아특수강,KOSPI,7,1000
003470,유안타증권,KOSPI,7,180
031330,에스에이엠티,KOSDAQ,6.9,200
122900,아이마켓코리아,KOSPI,6.8,600
123890,한국자산신탁,KOSPI,6.8,220
001230,동국홀딩스,KOSPI,6.8,600
003690,코리안리,KOSPI,6.8,540
001720,신영증권,KOSPI,6.79,4000
003300,한일홀딩스,KOSPI,6.79,800
005940,NH투자증권,KOSPI,6.76,800
138930,BNK금융지주,KOSPI,6.7,510
093920,서원인텍,KOSDAQ,6.7,400
025000,KPX케미칼,KOSPI,6.7,3000
092230,KPX홀딩스,KOSPI,6.7,3500
316140,우리금융지주,KOSPI,6.7,1000
192400,쿠쿠홀딩스,KOSPI,6.6,0
381970,케이카,KOSPI,6.6,760
175330,JB금융지주,KOSPI,6.5,855
000810,삼성화재,KOSPI,6.5,16000
002230,피에스텍,KOSDAQ,6.34,250
078000,텔코웨어,KOSPI,6.3,640
000480,CR홀딩스,KOSPI,6.24,410
032640,LG유플러스,KOSPI,6.2,650
057050,현대홈쇼핑,KOSPI,6.2,2800
011560,세보엠이씨,KOSDAQ,6.1,550
004650,창해에탄올,KOSDAQ,6.1,600
005090,SGC에너지,KOSPI,6.1,1700
100250,진양홀딩스,KOSPI,6.1,200
000140,하이트진로홀딩스,KOSPI,6.1,550
008060,대덕,KOSPI,6.1,400
104700,한국철강,KOSPI,6.1,400
300720,한일시멘트,KOSPI,6.1,800
377190,디앤디플랫폼리츠,KOSPI,6.02,150
033780,KT&G,KOSPI,6,5200
002220,한일철강,KOSPI,6,30
025530,SJM홀딩스,KOSPI,6,225
086790,하나금융지주,KOSPI,6,3400
051600,한전KPS,KOSPI,6,2158
094280,효성ITX,KOSPI,5.98,750
139130,DGB금융지주,KOSPI,5.96,550
011040,경동제약,KOSDAQ,5.9,400
000700,유수홀딩스,KOSPI,5.9,350
039570,HDC랩스,KOSPI,5.9,450
078930,GS,KOSPI,5.9,2500
017480,삼현철강,KOSDAQ,5.9,300
000390,삼화페인트,KOSPI,5.87,400
060980,HL홀딩스,KOSPI,5.8,2000
267250,HD현대,KOSPI,5.8,3700
034830,한국토지신탁,KOSPI,5.8,70
001450,현대해상,KOSPI,5.8,2063
306200,세아제강,KOSPI,5.8,8000
003120,일성아이에스,KOSPI,5.8,1500
053210,스카이라이프,KOSPI,5.75,350
038390,레드캡투어,KOSDAQ,5.7,900
000970,한국주철관,KOSPI,5.7,400
950190,고스트스튜디오,KOSDAQ,5.63,678
001270,부국증권,KOSPI,5.63,1500
004970,신라교역,KOSPI,5.62,500
035250,강원랜드,KOSPI,5.6,930
005830,DB손해보험,KOSPI,5.6,5300
000270,기아,KOSPI,5.6,5600
030000,제일기획,KOSPI,5.51,1110
085910,네오티스,KOSDAQ,5.5,200
030200,KT,KOSPI,5.5,1960
092130,이크레더블,KOSDAQ,5.5,780
140520,대창스틸,KOSDAQ,5.5,150
016360,삼성증권,KOSPI,5.42,2200
010960,삼호개발,KOSPI,5.42,190
012690,모나리자,KOSPI,5.4,150
214320,이노션,KOSPI,5.4,1175
095570,AJ네트웍스,KOSPI,5.4,270
395400,SK리츠,KOSPI,5.35,66
006060,화승인더,KOSPI,5.3,188
004990,롯데지주,KOSPI,5.3,1500
054040,한국컴퓨터,KOSDAQ,5.3,300
460860,동국제강,KOSPI,5.3,700
018670,SK가스,KOSPI,5.3,8000
005440,현대지에프홀딩스,KOSPI,5.3,200
009680,모토닉,KOSPI,5.29,450
069510,에스텍,KOSDAQ,5.28,500
199730,바이오인프라,KOSDAQ,5.27,600
003800,에이스침대,KOSDAQ,5.25,1400
147830,제룡산업,KOSDAQ,5.2,200
067570,엔브이에이치코리아,KOSDAQ,5.2,150
010780,아이에스동서,KOSPI,5.2,1500
037460,삼지전자,KOSDAQ,5.2,450
053620,태양,KOSDAQ,5.2,380
344820,KCC글라스,KOSPI,5.18,2200
032830,삼성생명,KOSPI,5.1,3700
051390,YW,KOSDAQ,5.1,200
194370,제이에스코퍼레이션,KOSPI,5.1,900
009270,신원,KOSPI,5.1,70
093050,LF,KOSPI,5.1,700
330730,스톤브릿지벤처스,KOSDAQ,5.06,300
003460,유화증권,KOSPI,5.03,120
000070,삼양홀딩스,KOSPI,5,3500
134380,미원화학,KOSPI,4.99,3500
008370,원풍,KOSDAQ,4.98,220
127980,화인써키트,KOSDAQ,4.92,400
016450,한세예스24홀딩스,KOSPI,4.9,250
003410,쌍용C&E,KOSPI,4.9,280
036190,금화피에스시,KOSDAQ,4.9,1300
032540,TJ미디어,KOSDAQ,4.9,320
001800,오리온홀딩스,KOSPI,4.9,750
215000,골프존,KOSDAQ GLOBAL,4.9,4500
105560,KB금융,KOSPI,4.9,3060
030610,교보증권,KOSPI,4.86,250
005180,빙그레,KOSPI,4.8,2600
093380,풍강,KOSDAQ,4.8,200
067280,멀티캠퍼스,KOSDAQ,4.8,1600
016090,대현,KOSPI,4.8,100
294870,HDC현대산업개발,KOSPI,4.8,700
034950,한국기업평가,KOSDAQ,4.8,5131
034590,인천도시가스,KOSPI,4.8,1250
005960,동부건설,KOSPI,4.8,300
055550,신한지주,KOSPI,4.78,2100
023530,롯데쇼핑,KOSPI,4.78,3800
002810,삼영무역,KOSPI,4.77,600
123700,SJM,KOSPI,4.76,175
023410,유진기업,KOSDAQ,4.75,170
098660,에스티오,KOSDAQ,4.75,110
005380,현대차,KOSPI,4.7,11400
213500,한솔제지,KOSPI,4.7,500
007590,동방아그로,KOSPI,4.7,300
003570,SNT다이내믹스,KOSPI,4.7,700
023760,한국캐피탈,KOSDAQ,4.7,28
019210,와이지-원,KOSDAQ,4.7,280
036560,영풍정밀,KOSDAQ,4.62,600
010770,평화홀딩스,KOSPI,4.61,150
204610,티쓰리,KOSDAQ,4.6,60
036530,SNT홀딩스,KOSPI,4.6,800
002450,삼익악기,KOSPI,4.6,50
001500,현대차증권,KOSPI,4.6,400
001430,세아베스틸지주,KOSPI,4.6,1200
029530,신도리코,KOSPI,4.53,1500
092460,한라IMS,KOSDAQ,4.5,300
003080,성보화학,KOSPI,4.5,135
009300,삼아제약,KOSDAQ,4.5,750
078340,컴투스,KOSDAQ,4.5,2600
002460,화성산업,KOSPI,4.5,500
016610,DB금융투자,KOSPI,4.5,200
227840,현대코퍼레이션홀딩스,KOSPI,4.5,500
109860,동일금속,KOSDAQ,4.48,400
018880,한온시스템,KOSPI,4.41,316
006390,한일현대시멘트,KOSPI,4.41,700
012750,에스원,KOSPI,4.4,2700
309960,LB인베스트먼트,KOSDAQ,4.4,200
004800,효성,KOSPI,4.4,3000
014530,극동유화,KOSPI,4.4,200
002100,경농,KOSPI,4.4,450
088350,한화생명,KOSPI,4.4,150
069260,TKG휴켐스,KOSPI,4.4,1000
075580,세진중공업,KOSPI,4.4,200
100030,인지소프트,KOSDAQ,4.35,728
318410,비비씨,KOSDAQ,4.31,400
089860,롯데렌탈,KOSPI,4.3,1200
004590,한국가구,KOSDAQ,4.3,175
006120,SK디스커버리,KOSPI,4.3,1700
102260,동성케미컬,KOSPI,4.3,200
000320,노루홀딩스,KOSPI,4.3,500
121440,골프존뉴딘홀딩스,KOSDAQ,4.3,167
357430,마스턴프리미어리츠,KOSPI,4.3,152
005010,휴스틸,KOSPI,4.3,250
026040,제이에스티나,KOSDAQ,4.3,100
267290,경동도시가스,KOSPI,4.3,875
348950,제이알글로벌리츠,KOSPI,4.27,190
334890,이지스밸류리츠,KOSPI,4.26,213
357250,미래에셋맵스리츠,KOSPI,4.23,154
041520,이엘씨,KOSDAQ,4.2,300
009970,영원무역홀딩스,KOSPI,4.2,3970
053280,예스24,KOSDAQ,4.2,200
030190,NICE평가정보,KOSPI,4.2,410
012630,HDC,KOSPI,4.2,300
071050,한국금융지주,KOSPI,4.2,2650
115310,인포바인,KOSDAQ,4.2,900
007340,DN오토모티브,KOSPI,4.19,3000
126720,수산인더스트리,KOSPI,4.18,800
033920,무학,KOSPI,4.18,230
404990,신한서부티엔디리츠,KOSPI,4.15,150
396690,미래에셋글로벌리츠,KOSPI,4.14,154
004980,성신양회,KOSPI,4.13,350
026960,동서,KOSPI,4.1,780
100840,SNT에너지,KOSPI,4.1,900
138040,메리츠금융지주,KOSPI,4.1,2360
000240,한국앤컴퍼니,KOSPI,4.1,700
075130,플랜티넷,KOSDAQ,4.1,100
000080,하이트진로,KOSPI,4.1,950
129260,인터지스,KOSPI,4.1,100
018120,진로발효,KOSDAQ,4.1,650
130660,한전산업,KOSPI,4.04,297
000850,화천기공,KOSPI,4,1300
002290,삼일기업공사,KOSDAQ,4,175
015890,태경산업,KOSPI,4,270
018500,동원금속,KOSPI,4,20
221980,케이디켐,KOSDAQ,4,500
092440,기신정기,KOSPI,4,150
049960,쎌바이오텍,KOSDAQ,4,450
136540,윈스,KOSDAQ,4,500
049720,고려신용정보,KOSDAQ,4,380
079000,와토스코리아,KOSDAQ,4,200
009180,한솔로지스틱스,KOSPI,4,100
339770,교촌에프앤비,KOSPI,4,300
108230,톱텍,KOSDAQ,4,300
009770,삼정펄프,KOSPI,4,1000
128660,피제이메탈,KOSDAQ,4,150
046440,KG모빌리언스,KOSDAQ,3.93,220
021080,에이티넘인베스트,KOSDAQ,3.9,120
122450,KX,KOSDAQ,3.9,200
145990,삼양사,KOSPI,3.9,1750
010640,진양폴리,KOSPI,3.9,250
001520,동양,KOSPI,3.88,40
058860,KTis,KOSPI,3.87,120
084010,대한제강,KOSPI,3.87,0
020000,한섬,KOSPI,3.86,750
001940,KISCO홀딩스,KOSPI,3.8,900
234080,JW생명과학,KOSPI,3.8,500
000370,한화손해보험,KOSPI,3.8,200
108670,LX하우시스,KOSPI,3.8,1700
072710,농심홀딩스,KOSPI,3.8,2500
015860,일진홀딩스,KOSPI,3.8,150
088260,이리츠코크렙,KOSPI,3.8,200
003650,미창석유,KOSPI,3.8,2800
023590,다우기술,KOSPI,3.8,700
001680,대상,KOSPI,3.8,800
005810,풍산홀딩스,KOSPI,3.8,1400
001120,LX인터내셔널,KOSPI,3.8,1200
010120,LS ELECTRIC,KOSPI,3.8,2800
045100,한양이엔지,KOSDAQ,3.8,600
400760,NH올원리츠,KOSPI,3.79,138
383800,LX홀딩스,KOSPI,3.78,270
035810,이지홀딩스,KOSDAQ,3.78,120
016800,퍼시스,KOSPI,3.73,1200
086280,현대글로비스,KOSPI,3.7,6300
003780,진양산업,KOSPI,3.7,250
064960,SNT모티브,KOSPI,3.7,1600
101530,해태제과식품,KOSPI,3.7,200
284740,쿠쿠홈시스,KOSPI,3.7,800
169330,엠브레인,KOSDAQ,3.7,120
017390,서울가스,KOSPI,3.7,2250
013030,하이록코리아,KOSDAQ,3.7,1050
123040,엠에스오토텍,KOSDAQ,3.7,75
044450,KSS해운,KOSPI,3.7,350
016250,SGC E&C,KOSDAQ,3.7,750
039240,경남스틸,KOSDAQ,3.7,120
111110,호전실업,KOSPI,3.69,300
005500,삼진제약,KOSPI,3.66,800
357120,코람코라이프인프라리츠,KOSPI,3.63,200
023000,삼원강재,KOSPI,3.62,110
023150,MH에탄올,KOSPI,3.6,250
036640,HRS,KOSDAQ,3.6,200
293480,하나제약,KOSPI,3.6,510
058650,세아홀딩스,KOSPI,3.6,4000
004450,삼화왕관,KOSPI,3.6,1200
003550,LG,KOSPI,3.57,3100
332370,아이디피,KOSDAQ,3.55,120
004150,한솔홀딩스,KOSPI,3.5,100
122990,와이솔,KOSDAQ,3.5,250
002150,도화엔지니어링,KOSPI,3.5,280
089600,나스미디어,KOSDAQ,3.5,700
110790,크리스에프앤씨,KOSDAQ,3.5,300
002600,조흥,KOSPI,3.5,6000
093190,빅솔론,KOSDAQ,3.5,200
096530,씨젠,KOSDAQ,3.5,800
090350,노루페인트,KOSPI,3.5,325
001560,제일연마,KOSPI,3.5,300
155650,와이엠씨,KOSDAQ,3.5,200
026890,스틱인베스트먼트,KOSPI,3.5,250
013870,지엠비코리아,KOSPI,3.5,150
001790,대한제당,KOSPI,3.46,115
005680,삼영전자,KOSPI,3.45,300
016740,두올,KOSPI,3.41,120
036670,KCI,KOSDAQ,3.41,250
011200,HMM,KOSPI,3.4,700
034310,NICE,KOSPI,3.4,451
037560,LG헬로비전,KOSPI,3.4,120
035600,KG이니시스,KOSDAQ,3.4,420
432320,KB스타리츠,KOSPI,3.4,165
286940,롯데이노베이트,KOSPI,3.4,1000
058430,포스코스틸리온,KOSPI,3.4,1615
003070,코오롱글로벌,KOSPI,3.39,400
077500,유니퀘스트,KOSPI,3.39,200
350520,이지스레지던스리츠,KOSPI,3.38,133
083420,그린케미칼,KOSPI,3.37,230
036800,나이스정보통신,KOSDAQ,3.36,730
035890,서희건설,KOSDAQ,3.32,45
075180,새론오토모티브,KOSPI,3.31,140
004000,롯데정밀화학,KOSPI,3.3,2000
256150,한독크린텍,KOSDAQ,3.3,250
293940,신한알파리츠,KOSPI,3.3,190
123410,코리아에프티,KOSDAQ,3.3,120
068930,디지털대성,KOSDAQ,3.3,200
044820,코스맥스비티아이,KOSPI,3.3,350
023600,삼보판지,KOSDAQ,3.29,310
365550,ESR켄달스퀘어리츠,KOSPI,3.25,135
033290,코웰패션,KOSDAQ,3.23,160
210540,디와이파워,KOSPI,3.2,400
215200,메가스터디교육,KOSDAQ GLOBAL,3.2,2000
009580,무림P&P,KOSPI,3.2,100
024880,케이피에프,KOSDAQ,3.2,150
950110,SBI핀테크솔루션즈,KOSDAQ,3.2,162
005160,동국산업,KOSDAQ,3.2,130
126560,현대퓨처넷,KOSPI,3.2,100
376290,씨유테크,KOSDAQ,3.2,16
004690,삼천리,KOSPI,3.2,3000
241560,두산밥캣,KOSPI,3.2,1600
002170,삼양통상,KOSPI,3.16,1500
004910,조광페인트,KOSPI,3.15,200
003490,대한항공,KOSPI,3.15,750
012700,리드코프,KOSDAQ,3.15,200
038500,삼표시멘트,KOSDAQ,3.14,100
002020,코오롱,KOSPI,3.13,550
210980,SK디앤디,KOSPI,3.12,800
111710,남화산업,KOSDAQ,3.1,200
117580,대성에너지,KOSPI,3.1,250
011760,현대코퍼레이션,KOSPI,3.1,600
405100,큐알티,KOSDAQ,3.1,480
103140,풍산,KOSPI,3.1,1200
204020,그리티,KOSDAQ,3.1,100
272550,삼양패키징,KOSPI,3.1,500
027410,BGF,KOSPI,3.1,120
225190,LK삼양,KOSDAQ,3.1,300
282330,BGF리테일,KOSPI,3.1,4100
018250,애경산업,KOSPI,3.1,580
003480,한진중공업홀딩스,KOSPI,3.09,100
352090,스톰테크,KOSDAQ,3.07,300
067010,이씨에스,KOSDAQ,3.04,120
010130,고려아연,KOSPI,3.01,15000
010060,OCI홀딩스,KOSPI,3.01,3300
005710,대원산업,KOSDAQ,3,175
041650,상신브레이크,KOSPI,3,110
005750,대림B&Co,KOSPI,3,110
011370,서한,KOSDAQ,3,30
089470,HDC현대EP,KOSPI,3,140
039420,케이엘넷,KOSDAQ,3,80
003010,혜인,KOSPI,3,170
052330,코텍,KOSDAQ,3,200
052600,한네트,KOSDAQ,3,150
092730,네오팜,KOSDAQ,3,750
264450,유비쿼스,KOSDAQ,3,510
091700,파트론,KOSDAQ GLOBAL,3,250
024120,KB오토시스,KOSDAQ,3,150
264900,크라운제과,KOSPI,3,250
002310,아세아제지,KOSPI,3,2420
078020,이베스트투자증권,KOSDAQ,3,150
025880,케이씨피드,KOSDAQ,3,75
004020,현대제철,KOSPI,3,1000
216050,인크로스,KOSDAQ,3,321
171120,라이온켐텍,KOSDAQ,3,100
039490,키움증권,KOSPI,2.98,3000
002380,KCC,KOSPI,2.98,8000
005720,넥센,KOSPI,2.97,125
015230,대창단조,KOSPI,2.93,180
002030,아세아,KOSPI,2.93,5000
094820,일진파워,KOSDAQ,2.9,330
023450,동남합성,KOSPI,2.9,1000
000880,한화,KOSPI,2.9,750
120110,코오롱인더,KOSPI,2.9,1300
338100,NH프라임리츠,KOSPI,2.9,131
260970,에스앤디,KOSDAQ,2.9,500
161390,한국타이어앤테크놀로지,KOSPI,2.9,1300
067920,이글루,KOSDAQ,2.9,180
126640,화신정공,KOSDAQ,2.9,50
096760,JW홀딩스,KOSPI,2.9,105
317400,자이에스앤디,KOSPI,2.9,150
030520,한글과컴퓨터,KOSDAQ,2.9,410
130580,나이스디앤비,KOSDAQ,2.9,182
001040,CJ,KOSPI,2.9,3000
071840,롯데하이마트,KOSPI,2.9,300
084870,TBH글로벌,KOSPI,2.89,50
330590,롯데리츠,KOSPI,2.88,109
267980,매일유업,KOSDAQ GLOBAL,2.87,1200
007690,국도화학,KOSPI,2.85,1200
044340,위닉스,KOSDAQ,2.84,300
081660,휠라홀딩스,KOSPI,2.84,1090
006040,동원산업,KOSPI,2.83,1100
353810,이지바이오,KOSDAQ,2.82,100
170030,현대공업,KOSDAQ,2.81,200
001420,태원물산,KOSPI,2.8,140
039340,한국경제TV,KOSDAQ,2.8,160
060720,KH바텍,KOSDAQ,2.8,400
035150,백산,KOSPI,2.8,300
034810,해성산업,KOSDAQ,2.8,225
143240,사람인,KOSDAQ,2.8,500
035510,신세계 I&C,KOSPI,2.8,350
225530,보광산업,KOSDAQ,2.8,150
002900,TYM,KOSPI,2.8,160
453340,현대그린푸드,KOSPI,2.8,325
052400,코나아이,KOSDAQ,2.8,500
170790,파이오링크,KOSDAQ,2.8,300
057030,YBM넷,KOSDAQ,2.8,150
347890,엠투아이,KOSDAQ,2.8,220
013580,계룡건설,KOSPI,2.8,400
066620,국보디자인,KOSDAQ,2.8,400
111770,영원무역,KOSPI,2.77,1300
049430,코메론,KOSDAQ,2.74,250
064850,에프앤가이드,KOSDAQ,2.73,180
058850,KTcs,KOSPI,2.72,100
277410,인산가,KOSDAQ,2.72,50
298020,효성티앤씨,KOSPI,2.71,10000
004780,대륙제관,KOSDAQ,2.7,110
002200,한국수출포장,KOSPI,2.7,80
005610,SPC삼립,KOSPI,2.7,1700
005820,원림,KOSPI,2.7,500
120240,대정화금,KOSDAQ,2.7,450
031510,오스템,KOSDAQ,2.7,50
065530,와이어블,KOSDAQ,2.7,50
023910,대한약품,KOSDAQ,2.7,750
105740,디케이락,KOSDAQ,2.7,250
037330,인지디스플레,KOSDAQ,2.68,50
114090,GKL,KOSPI,2.6,353
126700,하이비젼시스템,KOSDAQ,2.6,500
046310,백금T&A,KOSDAQ,2.6,80
034730,SK,KOSPI,2.6,5000
016590,신대양제지,KOSPI,2.6,150
037760,쎄니트,KOSDAQ,2.6,40
001540,안국약품,KOSDAQ,2.6,220
306040,에스제이그룹,KOSDAQ,2.6,250
033530,에스제이지세종,KOSPI,2.6,150
111380,동인기연,KOSPI,2.59,560
013570,디와이,KOSPI,2.57,150
115500,케이씨에스,KOSDAQ,2.56,180
005850,에스엘,KOSPI,2.53,900
013120,동원개발,KOSDAQ,2.52,80
016710,대성홀딩스,KOSPI,2.5,250
038680,에스넷,KOSDAQ,2.5,120
012620,원일특강,KOSDAQ,2.5,220
267850,아시아나IDT,KOSPI,2.5,500
043370,피에이치에이,KOSDAQ,2.5,250
214180,헥토이노베이션,KOSDAQ,2.5,360
009160,SIMPAC,KOSPI,2.5,100
021650,한국큐빅,KOSDAQ,2.5,70
021320,KCC건설,KOSDAQ,2.5,130
017890,한국알콜,KOSDAQ,2.5,285
282720,금양그린파워,KOSDAQ,2.5,300
007700,F&F홀딩스,KOSPI,2.5,400
069960,현대백화점,KOSPI,2.5,1300
017510,세명전기,KOSDAQ,2.5,70
005390,신성통상,KOSPI,2.5,50
001740,SK네트웍스,KOSPI,2.5,200
451800,한화리츠,KOSPI,2.48,131
190650,코리아에셋투자증권,KOSDAQ,2.48,200
033100,제룡전기,KOSDAQ,2.46,500
023800,인지컨트롤스,KOSPI,2.46,200
005990,매일홀딩스,KOSDAQ,2.45,200
004360,세방,KOSPI,2.45,300
037350,성도이엔지,KOSDAQ,2.44,100
000860,강남제비스코,KOSPI,2.42,500
088790,진도,KOSPI,2.41,50
058630,엠게임,KOSDAQ,2.4,150
142210,유니트론텍,KOSDAQ,2.4,100
163560,동일고무벨트,KOSPI,2.4,150
021240,코웨이,KOSPI,2.4,1350
001630,종근당홀딩스,KOSPI,2.4,1400
131090,시큐브,KOSDAQ,2.4,25
095610,테스,KOSDAQ GLOBAL,2.4,500
088130,동아엘텍,KOSDAQ,2.4,150
122310,제노레이,KOSDAQ,2.4,160
280360,롯데웰푸드,KOSPI,2.4,3000
010470,오리콤,KOSDAQ,2.4,270
005490,POSCO홀딩스,KOSPI,2.4,10000
092300,현우산업,KOSDAQ,2.4,100
003310,대주산업,KOSDAQ,2.4,42
100700,세운메디칼,KOSDAQ,2.4,70
054050,농우바이오,KOSDAQ,2.4,200
002870,신풍,KOSPI,2.4,20
049770,동원F&B,KOSPI,2.4,800
010950,S-Oil,KOSPI,2.4,1700
002320,한진,KOSPI,2.4,600
053260,금강철강,KOSDAQ,2.4,130
084110,휴온스글로벌,KOSDAQ,2.39,525
139480,이마트,KOSPI,2.39,2000
013520,화승코퍼레이션,KOSPI,2.36,50
060380,동양에스텍,KOSDAQ,2.36,50
017900,광전자,KOSPI,2.36,50
058730,다스코,KOSPI,2.35,100
054540,삼영엠텍,KOSDAQ,2.34,100
419120,산돌,KOSDAQ,2.33,180
000910,유니온,KOSPI,2.32,125
042500,링네트,KOSDAQ,2.31,100
005300,롯데칠성,KOSPI,2.3,3400
007310,오뚜기,KOSPI,2.3,9000
006090,사조오양,KOSPI,2.3,200
214370,케어젠,KOSDAQ,2.3,640
075970,동국알앤에스,KOSDAQ,2.3,80
054930,유신,KOSDAQ,2.3,750
250000,보라티알,KOSDAQ,2.3,250
014830,유니드,KOSPI,2.3,1600
016380,KG스틸,KOSPI,2.3,200
013310,아진산업,KOSDAQ,2.29,100
039010,현대에이치티,KOSDAQ,2.29,130
260660,알리코제약,KOSDAQ,2.26,130
105630,한세실업,KOSPI,2.26,500
004170,신세계,KOSPI,2.26,4000
012280,영화금속,KOSPI,2.26,20
011170,롯데케미칼,KOSPI,2.25,3500
298540,더네이쳐홀딩스,KOSDAQ,2.25,400
051380,피씨디렉트,KOSDAQ,2.24,100
073110,엘엠에스,KOSDAQ,2.24,200
067170,오텍,KOSDAQ,2.23,100
000640,동아쏘시오홀딩스,KOSPI,2.2,2200
064480,브리지텍,KOSDAQ,2.2,150
028670,팬오션,KOSPI,2.2,85
007210,벽산,KOSPI,2.2,60
393210,토마토시스템,KOSDAQ,2.2,90
003100,선광,KOSDAQ,2.2,400
012790,신일제약,KOSDAQ,2.2,170
048430,유라테크,KOSDAQ,2.2,190
024720,콜마홀딩스,KOSPI,2.2,180
006200,한국전자홀딩스,KOSPI,2.2,20
054800,아이디스홀딩스,KOSDAQ,2.2,250
031980,피에스케이홀딩스,KOSDAQ,2.2,600
002390,한독,KOSPI,2.2,300
031430,신세계인터내셔날,KOSPI,2.18,400
211050,인카금융서비스,KOSDAQ,2.16,350
006620,동구바이오제약,KOSDAQ,2.16,120
192440,슈피겐코리아,KOSDAQ,2.13,696
000150,두산,KOSPI,2.12,2000
183190,아세아시멘트,KOSPI,2.12,225
052460,아이크래프트,KOSDAQ,2.1,80
080520,오디텍,KOSDAQ,2.1,100
024910,경창산업,KOSDAQ,2.1,50
335890,비올,KOSDAQ,2.1,18
063570,한국전자금융,KOSDAQ,2.1,125
033500,동성화인텍,KOSDAQ,2.1,250
014570,고려제약,KOSDAQ,2.1,150
014280,금강공업,KOSPI,2.1,120
138490,코오롱ENP,KOSPI,2.1,160
285490,노바텍,KOSDAQ,2.1,500
032560,황금에스티,KOSPI,2.1,150
005430,한국공항,KOSPI,2.1,1000
011780,금호석유,KOSPI,2.1,2900
103590,일진전기,KOSPI,2.1,220
007070,GS리테일,KOSPI,2.1,500
004890,동일산업,KOSPI,2.1,1000
203450,유니온커뮤니티,KOSDAQ,2.1,70
181710,NHN,KOSPI,2.1,500
089150,케이씨티,KOSDAQ,2.1,60
008260,NI스틸,KOSPI,2.09,125
039830,오로라,KOSDAQ,2.07,150
137950,제이씨케미칼,KOSDAQ,2.06,150
081000,일진다이아,KOSPI,2.05,300
002920,유성기업,KOSPI,2.04,60
108320,LX세미콘,KOSPI,2.04,1800
014970,삼륭물산,KOSDAQ,2.04,75
016580,환인제약,KOSPI,2.02,300
000430,대원강업,KOSPI,2.01,110
001130,대한제분,KOSPI,2,2500
101330,모베이스,KOSDAQ,2,70
097520,엠씨넥스,KOSPI,2,600
037230,한국팩키지,KOSDAQ,2,40
189980,흥국에프엔비,KOSDAQ,2,40
177830,파버나인,KOSDAQ,2,70
366030,공구우먼,KOSDAQ,2,120
084690,대상홀딩스,KOSPI,2,270
028260,삼성물산,KOSPI,2,2550
037440,희림,KOSDAQ,2,0
038010,제일테크노스,KOSDAQ,2,180
053690,한미글로벌,KOSPI,2,400
192080,더블유게임즈,KOSPI,2,1000
408920,메쎄이상,KOSDAQ,2,50
011280,태림포장,KOSPI,2,50
079960,동양이엔피,KOSDAQ,2,400
006880,신송홀딩스,KOSPI,2,120
092780,동양피스톤,KOSPI,2,100
010420,한솔PNS,KOSPI,2,25
023810,인팩,KOSPI,2,180
047050,포스코인터내셔널,KOSPI,2,1000
037070,파세코,KOSDAQ,1.98,150
199820,제일전기공업,KOSDAQ,1.98,200
000670,영풍,KOSPI,1.94,10000
124560,태웅로직스,KOSDAQ,1.94,70
383220,F&F,KOSPI,1.93,1700
079170,한창산업,KOSDAQ,1.93,160
000210,DL,KOSPI,1.93,1000
036890,진성티이씨,KOSDAQ,1.9,200
119610,인터로조,KOSDAQ,1.9,600
078070,유비쿼스홀딩스,KOSDAQ,1.9,250
003220,대원제약,KOSPI,1.9,300
060480,국일신동,KOSDAQ,1.9,50
027360,아주IB투자,KOSDAQ,1.9,50
005930,삼성전자,KOSPI,1.9,1444
060540,에스에이티,KOSDAQ,1.9,50
080010,이상네트웍스,KOSDAQ,1.9,100
004080,신흥,KOSPI,1.9,270
053800,안랩,KOSDAQ,1.9,1300
065370,위세아이텍,KOSDAQ,1.9,150
024070,WISCOM,KOSPI,1.9,50
031440,신세계푸드,KOSPI,1.9,750
131030,옵투스제약,KOSDAQ,1.9,100
060250,NHN KCP,KOSDAQ GLOBAL,1.9,200
005250,녹십자홀딩스,KOSPI,1.9,300
014580,태경비케이,KOSPI,1.9,130
243070,휴온스,KOSDAQ GLOBAL,1.9,630
086670,비엠티,KOSDAQ,1.86,250
200670,휴메딕스,KOSDAQ,1.85,525
083450,GST,KOSDAQ,1.85,500
456040,OCI,KOSPI,1.84,2000
005670,푸드웰,KOSDAQ,1.84,90
032190,다우데이타,KOSDAQ,1.84,250
041930,동아화성,KOSDAQ,1.82,150
000440,중앙에너비스,KOSDAQ,1.82,320
018310,삼목에스폼,KOSDAQ,1.81,300
014820,동원시스템즈,KOSPI,1.8,600
260930,씨티케이,KOSDAQ,1.8,100
263020,디케이앤디,KOSDAQ,1.8,50
034120,SBS,KOSPI,1.8,500
006140,피제이전자,KOSDAQ,1.8,120
007860,서연,KOSPI,1.8,150
000720,현대건설,KOSPI,1.8,600
043650,국순당,KOSDAQ,1.8,105
417310,코람코더원리츠,KOSPI,1.8,83
200130,콜마비앤에이치,KOSDAQ GLOBAL,1.8,308
023350,한국종합기술,KOSPI,1.8,100
033830,티비씨,KOSDAQ,1.8,18
020710,시공테크,KOSDAQ,1.8,80
262840,아이퀘스트,KOSDAQ,1.8,100
009070,KCTC,KOSPI,1.8,70
004250,NPC,KOSPI,1.8,100
002240,고려제강,KOSPI,1.77,350
039020,이건홀딩스,KOSDAQ,1.75,50
000020,동화약품,KOSPI,1.75,180
138070,신진에스엠,KOSDAQ,1.74,50
058400,KNN,KOSDAQ,1.74,20
051500,CJ프레시웨이,KOSDAQ,1.74,450
001390,KG케미칼,KOSPI,1.73,120
004840,DRB동일,KOSPI,1.72,100
053270,구영테크,KOSDAQ,1.71,50
263690,디알젬,KOSDAQ,1.71,180
006260,LS,KOSPI,1.7,1600
019180,티에이치엔,KOSPI,1.7,60
005860,한일사료,KOSDAQ,1.7,75
067730,로지시스,KOSDAQ,1.7,60
005740,크라운해태홀딩스,KOSPI,1.7,100
134790,시디즈,KOSPI,1.7,500
097950,CJ제일제당,KOSPI,1.7,5500
009470,삼화전기,KOSPI,1.7,300
001200,유진투자증권,KOSPI,1.7,60
066130,하츠,KOSDAQ,1.7,90
033270,유나이티드제약,KOSPI,1.7,420
014940,오리엔탈정공,KOSDAQ,1.7,50
089850,유비벨록스,KOSDAQ,1.7,280
069080,웹젠,KOSDAQ GLOBAL,1.7,300
050860,아세아텍,KOSDAQ,1.7,50
026940,부국철강,KOSPI,1.7,75
042110,에스씨디,KOSDAQ,1.7,30
012330,현대모비스,KOSPI,1.7,4500
161000,애경케미칼,KOSPI,1.7,250
006800,미래에셋증권,KOSPI,1.7,150
194700,노바렉스,KOSDAQ,1.7,200
105840,우진,KOSPI,1.7,200
020180,대신정보통신,KOSDAQ,1.7,20
417790,트루엔,KOSDAQ,1.69,200
272210,한화시스템,KOSPI,1.68,280
195870,해성디에스,KOSPI,1.67,900
049800,우진플라임,KOSPI,1.63,50
073560,우리손에프앤지,KOSDAQ,1.62,25
003610,방림,KOSPI,1.62,38
005360,모나미,KOSPI,1.61,50
010100,한국무브넥스,KOSPI,1.61,100
003160,디아이,KOSPI,1.6,100
005800,신영와코루,KOSPI,1.6,150
365330,에스와이스틸텍,KOSDAQ,1.6,50
045660,에이텍,KOSDAQ,1.6,200
027710,팜스토리,KOSDAQ,1.6,25
053080,케이엔솔,KOSDAQ,1.6,300
119500,포메탈,KOSDAQ,1.6,60
009140,경인전자,KOSPI,1.6,350
119850,지엔씨에너지,KOSDAQ,1.6,70
263860,지니언스,KOSDAQ,1.6,200
018260,삼성에스디에스,KOSPI,1.6,2700
080160,모두투어,KOSDAQ,1.6,250
204320,HL만도,KOSPI,1.6,600
298050,효성첨단소재,KOSPI,1.6,6500
008420,문배철강,KOSPI,1.59,50
067080,대화제약,KOSDAQ,1.58,150
015750,성우하이텍,KOSDAQ,1.56,150
008040,사조동아원,KOSPI,1.56,15
241790,티이엠씨씨엔에스,KOSDAQ,1.55,200
126600,BGF에코머티리얼즈,KOSDAQ,1.54,70
032280,삼일,KOSDAQ,1.54,30
024830,세원물산,KOSDAQ,1.54,100
405920,나라셀라,KOSDAQ,1.53,80
035080,그래디언트,KOSDAQ,1.52,200
090850,현대이지웰,KOSDAQ,1.52,90
136490,선진,KOSPI,1.51,100
003380,하림지주,KOSDAQ GLOBAL,1.5,120
268280,미원에스씨,KOSPI,1.5,2100
212560,네오오토,KOSDAQ,1.5,150
015710,코콤,KOSDAQ,1.5,70
337930,브랜드엑스코퍼레이션,KOSDAQ,1.5,80
006980,우성,KOSPI,1.5,300
045060,오공,KOSDAQ,1.5,50
310870,디와이씨,KOSDAQ,1.5,25
008250,이건산업,KOSPI,1.5,100
048830,엔피케이,KOSDAQ,1.5,30
262260,에이프로,KOSDAQ,1.5,200
251970,펌텍코리아,KOSDAQ,1.5,380
200780,비씨월드제약,KOSDAQ,1.5,100
009200,무림페이퍼,KOSPI,1.5,75
082920,비츠로셀,KOSDAQ,1.5,250
006890,태경케미컬,KOSPI,1.5,200
298040,효성중공업,KOSPI,1.5,2500
425040,티이엠씨,KOSDAQ,1.5,700
036580,팜스코,KOSPI,1.5,50
331380,포커스에이치엔에스,KOSDAQ,1.5,30
072950,빛샘전자,KOSDAQ,1.5,70
038290,마크로젠,KOSDAQ,1.5,300
036120,SCI평가정보,KOSDAQ,1.5,50
054950,제이브이엠,KOSDAQ,1.5,400
019770,서연탑메탈,KOSDAQ,1.49,65
058470,리노공업,KOSDAQ GLOBAL,1.48,3000
041910,폴라리스AI파마,KOSDAQ,1.48,100
377330,이지트로닉스,KOSDAQ,1.48,120
007980,TP,KOSPI,1.47,35
004710,한솔테크닉스,KOSPI,1.46,100
008870,금비,KOSPI,1.45,1300
053450,세코닉스,KOSDAQ,1.44,100
063760,이엘피,KOSDAQ,1.42,50
000050,경방,KOSPI,1.42,125
123570,이엠넷,KOSDAQ,1.42,50
192390,윈하이텍,KOSDAQ,1.41,60
072020,중앙백신,KOSDAQ,1.4,150
069730,DSR제강,KOSPI,1.4,60
293580,나우IB,KOSDAQ,1.4,18
460850,동국씨엠,KOSPI,1.4,100
004960,한신공영,KOSPI,1.4,100
006740,영풍제지,KOSPI,1.4,40
019010,베뉴지,KOSDAQ,1.4,30
143160,아이디스,KOSDAQ,1.4,300
234690,녹십자웰빙,KOSDAQ,1.4,100
090410,덕신이피씨,KOSDAQ,1.4,30
012200,계양전기,KOSPI,1.4,25
155660,DSR,KOSPI,1.4,60
072470,우리산업홀딩스,KOSDAQ,1.4,50
029460,케이씨,KOSPI,1.4,260
002350,넥센타이어,KOSPI,1.4,115
012450,한화에어로스페이스,KOSPI,1.4,1800
079550,LIG넥스원,KOSPI,1.4,1950
060370,LS마린솔루션,KOSDAQ,1.4,160
041830,인바디,KOSDAQ,1.36,350
375500,DL이앤씨,KOSPI,1.36,500
042670,HD현대인프라코어,KOSPI,1.35,110
267270,HD현대건설기계,KOSPI,1.35,700
009440,KC그린홀딩스,KOSPI,1.34,50
014440,영보화학,KOSPI,1.33,50
307280,원바이오젠,KOSDAQ,1.32,20
234340,헥토파이낸셜,KOSDAQ,1.32,350
024090,디씨엠,KOSPI,1.32,150
241520,DSC인베스트먼트,KOSDAQ,1.31,40
032620,유비케어,KOSDAQ,1.3,60
067830,세이브존I&C,KOSPI,1.3,30
378850,화승알앤에이,KOSPI,1.3,50
073490,이노와이어리스,KOSDAQ,1.3,350
148150,세경하이테크,KOSDAQ,1.3,166
068790,DMS,KOSDAQ,1.3,90
094970,제이엠티,KOSDAQ,1.3,50
041510,에스엠,KOSDAQ,1.3,1200
036570,엔씨소프트,KOSPI,1.3,3130
009290,광동제약,KOSPI,1.3,100
083930,아바코,KOSDAQ,1.3,200
373170,엠아이큐브솔루션,KOSDAQ,1.3,200
100120,뷰웍스,KOSDAQ,1.3,350
025820,이구산업,KOSPI,1.3,50
011210,현대위아,KOSPI,1.3,850
450140,코오롱모빌리티그룹,KOSPI,1.3,40
353200,대덕전자,KOSPI,1.3,300
001820,삼화콘덴서,KOSPI,1.3,500
224110,에이텍모빌리티,KOSDAQ,1.3,200
340570,티앤엘,KOSDAQ,1.3,550
053300,한국정보인증,KOSDAQ,1.3,70
013700,까뮤이앤씨,KOSPI,1.3,20
046890,서울반도체,KOSDAQ GLOBAL,1.3,136
004770,써니전자,KOSPI,1.28,30
004430,송원산업,KOSPI,1.28,250
230240,에치에프알,KOSDAQ,1.25,220
017650,대림제지,KOSDAQ,1.24,100
035200,프럼파스트,KOSDAQ,1.24,50
226320,잇츠한불,KOSPI,1.24,150
179290,엠아이텍,KOSDAQ,1.22,80
267260,HD현대일렉트릭,KOSPI,1.21,1000
264850,이랜시스,KOSDAQ,1.21,50
050960,수산아이앤티,KOSDAQ,1.21,125
008470,부스타,KOSDAQ,1.2,60
092220,KEC,KOSPI,1.2,20
093520,매커스,KOSDAQ,1.2,150
318000,KBG,KOSDAQ,1.2,100
089030,테크윙,KOSDAQ,1.2,130
038110,에코플라스틱,KOSDAQ,1.2,60
004370,농심,KOSPI,1.2,5000
265520,AP시스템,KOSDAQ,1.2,270
290740,액트로,KOSDAQ,1.2,100
032750,삼진,KOSDAQ,1.2,70
023160,태광,KOSDAQ,1.2,170
014620,성광벤드,KOSDAQ,1.2,150
215360,우리산업,KOSDAQ,1.2,165
090460,비에이치,KOSPI,1.2,250
006280,녹십자,KOSPI,1.2,1500
273640,와이엠텍,KOSDAQ,1.19,180
009450,경동나비엔,KOSPI,1.19,550
352700,씨앤투스,KOSDAQ,1.19,50
002840,미원상사,KOSPI,1.18,2000
004490,세방전지,KOSPI,1.18,700
048530,인트론바이오,KOSDAQ,1.17,100
318010,팜스빌,KOSDAQ,1.17,100
086390,유니테스트,KOSDAQ,1.15,150
006840,AK홀딩스,KOSPI,1.15,200
021820,세원정공,KOSPI,1.15,100
086450,동국제약,KOSDAQ GLOBAL,1.14,180
053050,지에스이,KOSDAQ,1.13,40
161890,한국콜마,KOSPI,1.13,600
041440,현대에버다임,KOSDAQ,1.12,70
200880,서연이화,KOSPI,1.12,200
420770,기가비스,KOSDAQ,1.12,800
003200,일신방직,KOSPI,1.11,100
150900,파수,KOSDAQ,1.1,100
001060,JW중외제약,KOSPI,1.1,400
067160,SOOP,KOSDAQ,1.1,850
003960,사조대림,KOSPI,1.1,350
014680,한솔케미칼,KOSPI,1.1,2100
187270,신화콘텍,KOSDAQ,1.1,50
010690,화신,KOSPI,1.1,150
068290,삼성출판사,KOSPI,1.1,200
064760,티씨케이,KOSDAQ GLOBAL,1.1,1200
051490,나라엠앤디,KOSDAQ,1.1,70
170900,동아에스티,KOSPI,1.1,700
012320,경동인베스트,KOSPI,1.1,750
189690,포시에스,KOSDAQ,1.1,100
065510,휴비츠,KOSDAQ,1.1,200
041460,한국전자인증,KOSDAQ,1.1,70
054670,대한뉴팜,KOSDAQ,1.1,100
271560,오리온,KOSPI,1.1,1250
344860,이노진,KOSDAQ,1.1,30
382480,지아이텍,KOSDAQ,1.1,36
004090,한국석유,KOSPI,1.1,120
339950,아이비김영,KOSDAQ,1.1,20
009780,엠에스씨,KOSDAQ,1.1,60
011070,LG이노텍,KOSPI,1.1,2610
382840,원준,KOSDAQ,1.1,200
038070,서린바이오,KOSDAQ,1.08,100
214430,아이쓰리시스템,KOSDAQ,1.08,350
053580,웹케시,KOSDAQ,1.07,100
106190,하이텍팜,KOSDAQ,1.07,100
228850,레이언스,KOSDAQ,1.07,100
151860,케이지에코솔루션,KOSDAQ,1.06,120
330350,위더스제약,KOSDAQ,1.04,100
234300,에스트래픽,KOSDAQ,1.03,40
452300,캡스톤파트너스,KOSDAQ,1.01,42
290270,휴네시온,KOSDAQ,1.01,40
017810,풀무원,KOSPI,1,102
206640,바디텍메드,KOSDAQ,1,200
017960,한국카본,KOSPI,1,110
109080,옵티시스,KOSDAQ,1,100
012610,경인양행,KOSPI,1,50
055490,테이팩스,KOSPI,1,300
243840,신흥에스이씨,KOSDAQ,1,430
088910,동우팜투테이블,KOSDAQ,1,0
099430,바이오플러스,KOSDAQ,1,70
051900,LG생활건강,KOSPI,1,3500
319660,피에스케이,KOSDAQ GLOBAL,1,200
051360,토비스,KOSDAQ,1,160
032850,비트컴퓨터,KOSDAQ,1,62
047810,한국항공우주,KOSPI,1,500
002800,신신제약,KOSDAQ,1,60
038950,파인디지털,KOSDAQ,1,50
065680,우주일렉트로,KOSDAQ,1,150
333050,모코엠시스,KOSDAQ,1,14
000230,일동홀딩스,KOSPI,1,100
285130,SK케미칼,KOSPI,1,650
080470,성창오토텍,KOSDAQ,1,50
001250,GS글로벌,KOSPI,1,25
083310,엘오티베큠,KOSDAQ,1,200
004140,동방,KOSPI,1,20
066310,큐에스아이,KOSDAQ,1,100
246250,에스엘에스바이오,KOSDAQ,0.99,50
131220,대한과학,KOSDAQ,0.99,60
229640,LS에코에너지,KOSPI,0.98,200
049480,오픈베이스,KOSDAQ,0.97,25
000990,DB하이텍,KOSPI,0.97,580
007570,일양약품,KOSPI,0.97,150
144960,뉴파워프라즈마,KOSDAQ,0.96,50
163730,핑거,KOSDAQ,0.96,120
036200,유니셈,KOSDAQ,0.95,80
102460,이연제약,KOSPI,0.95,150
056190,에스에프에이,KOSDAQ GLOBAL,0.94,280
025540,한국단자,KOSPI,0.93,700
004310,현대약품,KOSPI,0.91,35
110990,디아이티,KOSDAQ,0.9,180
107590,미원홀딩스,KOSPI,0.9,700
033130,디지틀조선,KOSDAQ,0.9,20
053610,프로텍,KOSDAQ,0.9,400
282880,코윈테크,KOSDAQ,0.9,250
003230,삼양식품,KOSPI,0.9,2100
195940,HK이노엔,KOSDAQ GLOBAL,0.9,350
095660,네오위즈,KOSDAQ,0.9,245
000660,SK하이닉스,KOSPI,0.9,1200
319400,현대무벡스,KOSDAQ,0.9,30
448280,에코아이,KOSDAQ,0.9,500
004380,삼익THK,KOSPI,0.9,100
003030,세아제강지주,KOSPI,0.9,2000
003850,보령,KOSPI,0.9,100
011320,유니크,KOSDAQ,0.9,45
040160,누리플렉스,KOSDAQ,0.9,50
002790,아모레G,KOSPI,0.9,245
214450,파마리서치,KOSDAQ GLOBAL,0.9,950
251630,브이원텍,KOSDAQ,0.9,100
060850,영림원소프트랩,KOSDAQ,0.9,80
217500,러셀,KOSDAQ,0.9,30
024900,덕양산업,KOSPI,0.9,50
383310,에코프로에이치엔,KOSDAQ,0.89,600
289080,SV인베스트먼트,KOSDAQ,0.89,20
049070,인탑스,KOSDAQ GLOBAL,0.89,235
259630,엠플러스,KOSDAQ,0.87,100
092070,디엔에프,KOSDAQ,0.87,200
053700,삼보모터스,KOSDAQ,0.86,50
001530,DI동일,KOSPI,0.86,250
140070,서플러스글로벌,KOSDAQ,0.84,30
078150,HB테크놀러지,KOSDAQ,0.83,20
006220,제주은행,KOSPI,0.82,100
033160,엠케이전자,KOSDAQ,0.82,100
052690,한전기술,KOSPI,0.82,515
252500,세화피앤씨,KOSDAQ,0.81,17
237690,에스티팜,KOSDAQ GLOBAL,0.81,500
054210,이랜텍,KOSDAQ,0.81,80
416180,신성에스티,KOSDAQ,0.8,200
099390,브레인즈컴퍼니,KOSDAQ,0.8,60
002700,신일전자,KOSPI,0.8,15
025860,남해화학,KOSPI,0.8,60
138080,오이솔루션,KOSDAQ,0.8,100
050890,쏠리드,KOSDAQ,0.8,50
101170,우림피티에스,KOSDAQ,0.8,50
002140,고려산업,KOSPI,0.8,25
009830,한화솔루션,KOSPI,0.8,300
307950,현대오토에버,KOSPI,0.8,1430
008730,율촌화학,KOSPI,0.8,250
098460,고영,KOSDAQ GLOBAL,0.8,140
048910,대원미디어,KOSDAQ,0.8,100
066670,디티씨,KOSDAQ,0.8,50
071280,로체시스템즈,KOSDAQ,0.8,50
296640,이노룰스,KOSDAQ,0.8,60
066570,LG전자,KOSPI,0.8,800
277070,린드먼아시아,KOSDAQ,0.8,43
001340,백광산업,KOSPI,0.8,60
950140,잉글우드랩,KOSDAQ,0.8,100
000590,CS홀딩스,KOSPI,0.8,500
104460,디와이피엔에프,KOSDAQ,0.8,200
272290,이녹스첨단소재,KOSDAQ GLOBAL,0.8,250
025950,동신건설,KOSDAQ,0.8,150
060560,홈센타홀딩스,KOSDAQ,0.8,20
049830,승일,KOSDAQ,0.8,85
048770,TPC,KOSDAQ,0.8,25
185750,종근당,KOSPI,0.8,1100
009150,삼성전기,KOSPI,0.8,1150
091580,상신이디피,KOSDAQ,0.8,120
159580,제로투세븐,KOSDAQ,0.79,50
010660,화천기계,KOSPI,0.78,30
100660,서암기계공업,KOSDAQ,0.77,35
265560,영화테크,KOSDAQ,0.77,80
019990,에너토크,KOSDAQ,0.77,50
112610,씨에스윈드,KOSPI,0.75,500
091590,남화토건,KOSDAQ,0.74,50
246690,TS인베스트먼트,KOSDAQ,0.73,10
248170,샘표식품,KOSPI,0.73,200
048470,대동스틸,KOSDAQ,0.73,30
348210,넥스틴,KOSDAQ GLOBAL,0.72,500
001460,BYC,KOSPI,0.71,3000
281820,케이씨텍,KOSPI,0.7,180
000100,유한양행,KOSPI,0.7,450
052260,현대바이오랜드,KOSDAQ,0.7,70
051910,LG화학,KOSPI,0.7,3500
090430,아모레퍼시픽,KOSPI,0.7,910
039440,에스티아이,KOSDAQ,0.7,200
238490,힘스,KOSDAQ,0.7,50
267790,배럴,KOSDAQ,0.7,50
187870,디바이스이엔지,KOSDAQ,0.7,100
011500,한농화성,KOSPI,0.7,120
067370,선바이오,KOSDAQ,0.7,75
044960,이글벳,KOSDAQ,0.7,40
158430,아톤,KOSDAQ,0.7,30
271830,팸텍,KOSDAQ,0.7,30
173130,오파스넷,KOSDAQ,0.7,100
211270,AP위성,KOSDAQ,0.7,70
034230,파라다이스,KOSDAQ,0.7,100
356860,티엘비,KOSDAQ,0.7,200
012510,더존비즈온,KOSPI,0.7,217
003830,대한화섬,KOSPI,0.7,750
083500,에프엔에스테크,KOSDAQ,0.7,80
360070,탑머티리얼,KOSDAQ,0.7,400
149950,아바텍,KOSDAQ,0.7,100
102120,어보브반도체,KOSDAQ,0.69,100
067900,와이엔텍,KOSDAQ,0.69,904982950
006660,삼성공조,KOSPI,0.68,60
016920,카스,KOSDAQ,0.67,10
357780,솔브레인,KOSDAQ,0.67,2000
036480,대성미생물,KOSDAQ,0.67,75
054450,텔레칩스,KOSDAQ,0.66,200
136480,하림,KOSDAQ,0.65,30
162300,신스틸,KOSDAQ,0.64,19
006650,대한유화,KOSPI,0.64,1000
083550,케이엠,KOSDAQ,0.63,30
006730,서부T&D,KOSDAQ,0.63,50
081150,티플랙스,KOSDAQ,0.62,20
114840,아이패밀리에스씨,KOSDAQ,0.61,158
297890,HB솔루션,KOSDAQ,0.61,30
368770,파이버프로,KOSDAQ,0.61,20
004830,덕성,KOSPI,0.6,45
020400,대동금속,KOSDAQ,0.6,60
078890,가온그룹,KOSDAQ,0.6,30
058610,에스피지,KOSDAQ,0.6,200
098120,마이크로컨텍솔,KOSDAQ,0.6,80
053350,이니텍,KOSDAQ,0.6,20
042700,한미반도체,KOSPI,0.6,420
148250,알엔투테크놀로지,KOSDAQ,0.6,30
042370,비츠로테크,KOSDAQ,0.6,50
000490,대동,KOSPI,0.6,100
214390,경보제약,KOSPI,0.6,50
013890,지누스,KOSPI,0.6,90
035900,JYP Ent.,KOSDAQ GLOBAL,0.6,574
183300,코미코,KOSDAQ GLOBAL,0.6,400
009900,명신산업,KOSPI,0.6,100
218410,RFHIC,KOSDAQ,0.6,100
093320,케이아이엔엑스,KOSDAQ,0.6,600
024060,흥구석유,KOSDAQ,0.6,50
122870,와이지엔터테인먼트,KOSDAQ,0.59,300
017370,우신시스템,KOSPI,0.57,50
221800,유투바이오,KOSDAQ,0.56,30
092870,엑시콘,KOSDAQ,0.56,100
078140,대봉엘에스,KOSDAQ,0.55,50
323410,카카오뱅크,KOSPI,0.55,150
068330,일신바이오,KOSDAQ,0.52,0
084370,유진테크,KOSDAQ GLOBAL,0.51,200
069620,대웅제약,KOSPI,0.5,600
396470,워트,KOSDAQ,0.5,50
056360,코위버,KOSDAQ,0.5,30
020150,롯데에너지머티리얼즈,KOSPI,0.5,200
006370,대구백화점,KOSPI,0.5,50
241590,화승엔터프라이즈,KOSPI,0.5,45
099320,쎄트렉아이,KOSDAQ,0.5,150
001770,SHD,KOSPI,0.5,100
090470,제이스텍,KOSDAQ,0.5,50
001810,무림SP,KOSDAQ,0.5,10
008930,한미사이언스,KOSPI,0.5,200
007160,사조산업,KOSPI,0.5,200
294570,쿠콘,KOSDAQ,0.5,100
322780,코퍼스코리아,KOSDAQ,0.5,10
336570,원텍,KOSDAQ,0.5,50
265740,엔에프씨,KOSDAQ,0.5,40
120030,조선선재,KOSPI,0.5,500
003090,대웅,KOSPI,0.5,100
214150,클래시스,KOSDAQ GLOBAL,0.5,200
356890,싸이버원,KOSDAQ,0.5,50
104830,원익머트리얼즈,KOSDAQ,0.5,150
079940,가비아,KOSDAQ,0.49,80
017550,수산중공업,KOSPI,0.48,10
059210,메타바이오메드,KOSDAQ,0.47,20
172670,에이엘티,KOSDAQ,0.45,100
317850,대모,KOSDAQ,0.45,40
003350,한국화장품제조,KOSPI,0.43,100
086900,메디톡스,KOSDAQ,0.42,1100
017040,광명전기,KOSPI,0.42,10
253590,네오셈,KOSDAQ,0.42,30
336370,솔루스첨단소재,KOSPI,0.41,100
094480,갤럭시아머니트리,KOSDAQ,0.41,45
007540,샘표,KOSPI,0.41,200
445180,퓨릿,KOSDAQ,0.4,50
099190,아이센스,KOSDAQ,0.4,100
222800,심텍,KOSDAQ,0.4,160
064350,현대로템,KOSPI,0.4,100
039290,인포뱅크,KOSDAQ,0.4,50
180640,한진칼,KOSPI,0.4,300
000120,CJ대한통운,KOSPI,0.4,500
053160,프리엠스,KOSDAQ,0.4,50
333620,엔시스,KOSDAQ,0.4,40
192820,코스맥스,KOSPI,0.4,500
036830,솔브레인홀딩스,KOSDAQ GLOBAL,0.4,200
008830,대동기어,KOSDAQ,0.4,40
166090,하나머티리얼즈,KOSDAQ GLOBAL,0.4,200
089010,켐트로닉스,KOSDAQ,0.4,100
131970,두산테스나,KOSDAQ,0.4,160
002620,제일파마홀딩스,KOSPI,0.4,50
003720,삼영,KOSPI,0.4,20
011390,부산산업,KOSPI,0.39,250
024940,PN풍년,KOSDAQ,0.39,35
094170,동운아나텍,KOSDAQ,0.37,70
290650,엘앤씨바이오,KOSDAQ,0.35,100
094940,푸른기술,KOSDAQ,0.35,30
073010,케이에스피,KOSDAQ,0.35,10
036010,아비코전자,KOSDAQ,0.34,50
288620,에스퓨얼셀,KOSDAQ,0.32,50
403870,HPSP,KOSDAQ,0.32,150
001510,SK증권,KOSPI,0.31,2
008770,호텔신라,KOSPI,0.31,200
035420,NAVER,KOSPI,0.3,1205
071090,하이스틸,KOSPI,0.3,10
004100,태양금속,KOSPI,0.3,10
352820,하이브,KOSPI,0.3,700
043150,바텍,KOSDAQ,0.3,100
101490,에스앤에스텍,KOSDAQ,0.3,150
041920,메디아나,KOSDAQ,0.3,25
361390,제노코,KOSDAQ,0.3,50
007660,이수페타시스,KOSPI,0.3,100
005290,동진쎄미켐,KOSDAQ,0.3,120
065350,신성델타테크,KOSDAQ,0.3,120
007770,한일화학,KOSDAQ,0.3,50
417970,모델솔루션,KOSDAQ,0.3,40
145720,덴티움,KOSPI,0.3,400
232680,라온테크,KOSDAQ,0.3,30
215100,로보로보,KOSDAQ,0.3,14
049950,미래컴퍼니,KOSDAQ,0.3,100
271980,제일약품,KOSPI,0.3,50
008490,서흥,KOSPI,0.3,100
107600,새빗켐,KOSDAQ,0.29,200
003240,태광산업,KOSPI,0.29,1750
039030,이오테크닉스,KOSDAQ GLOBAL,0.29,450
131370,알서포트,KOSDAQ,0.28,10
032960,동일기연,KOSDAQ,0.28,35
068270,셀트리온,KOSPI,0.27,500
030960,양지사,KOSDAQ,0.26,50
036710,심텍홀딩스,KOSDAQ,0.26,10
002760,보락,KOSPI,0.25,5
144510,지씨셀,KOSDAQ,0.24,100
140860,파크시스템스,KOSDAQ,0.23,400
079370,제우스,KOSDAQ,0.22,100
032300,한국파마,KOSDAQ,0.2,50
091120,이엠텍,KOSDAQ,0.2,100
074600,원익QnC,KOSDAQ GLOBAL,0.2,50
003920,남양유업,KOSPI,0.2,1000
095340,ISC,KOSDAQ,0.2,200
101160,월덱스,KOSDAQ,0.2,60
102710,이엔에프테크놀로지,KOSDAQ,0.2,50
128940,한미약품,KOSPI,0.2,500
121600,나노신소재,KOSDAQ,0.2,250
022100,포스코DX,KOSPI,0.2,100
036810,에프에스티,KOSDAQ,0.2,50
006400,삼성SDI,KOSPI,0.2,1000
067310,하나마이크론,KOSDAQ GLOBAL,0.17,50
307750,국전약품,KOSDAQ,0.16,10
036930,주성엔지니어링,KOSDAQ GLOBAL,0.15,50
002710,TCC스틸,KOSPI,0.14,80
372170,윤성에프앤씨,KOSDAQ,0.13,150
009520,포스코엠텍,KOSDAQ,0.1,35
035720,카카오,KOSPI,0.1,61
417200,LS머트리얼즈,KOSDAQ,0.1,22
006110,삼아알미늄,KOSPI,0.1,100
189300,인텔리안테크,KOSDAQ,0.1,100
003670,포스코퓨처엠,KOSPI,0.1,250
469480,IBKS제24호스팩,KOSDAQ,0,0
418210,신한제10호스팩,KOSDAQ,0,0
025750,한솔홈데코,KOSPI,0,0
377220,프롬바이오,KOSDAQ,0,0
451700,엔에이치스팩29호,KOSDAQ,0,0
039310,세중,KOSDAQ,0,0
464440,한국제13호스팩,KOSDAQ,0,0
079190,케스피온,KOSDAQ,0,0
004985,성신양회우,KOSPI,0,0
900260,로스웰,KOSDAQ,0,0
458610,한국제12호스팩,KOSDAQ,0,0
019540,일지테크,KOSDAQ,0,100
472230,에스케이증권제11호스팩,KOSDAQ,0,0
467930,IBKS제23호스팩,KOSDAQ,0,0
022220,TKG애강,KOSDAQ,0,0
079650,서산,KOSDAQ,0,0
032980,바이온,KOSDAQ,0,0
088280,쏘닉스,KOSDAQ,0,0
473370,비엔케이제2호스팩,KOSDAQ,0,0
011090,에넥스,KOSPI,0,0
043710,서울리거,KOSDAQ,0,0
033560,블루콤,KOSDAQ,0,0
00806K,대덕1우,KOSPI,0,0
044480,블레이드 Ent,KOSDAQ,0,0
143210,핸즈코퍼레이션,KOSPI,0,0
386580,한화플러스제2호스팩,KOSDAQ,0,0
365900,브이씨,KOSDAQ,0,0
090080,평화산업,KOSPI,0,0
002630,오리엔트바이오,KOSPI,0,0
002410,범양건영,KOSPI,0,0
115530,씨엔플러스,KOSDAQ,0,0
035460,기산텔레콤,KOSDAQ,0,0
072520,제넨바이오,KOSDAQ,0,0
115480,씨유메디칼,KOSDAQ,0,0
303360,프로티아,KOSDAQ,0,0
246960,SCL사이언스,KOSDAQ,0,0
120115,코오롱인더우,KOSPI,0,0
049470,SGA,KOSDAQ,0,0
214610,미코바이오메드,KOSDAQ,0,0
433530,키움제7호스팩,KOSDAQ,0,0
439250,삼성스팩7호,KOSDAQ,0,0
900100,애머릿지,KOSDAQ,0,0
019660,글로본,KOSDAQ,0,0
047770,코데즈컴바인,KOSDAQ,0,0
291810,핀텔,KOSDAQ,0,0
094860,네오리진,KOSDAQ,0,0
071850,캐스텍코리아,KOSDAQ,0,0
073640,테라사이언스,KOSDAQ,0,0
445360,비엔케이제1호스팩,KOSDAQ,0,0
106080,하이소닉,KOSDAQ,0,0
046390,삼화네트웍스,KOSDAQ,0,0
45226K,한화갤러리아우,KOSPI,0,0
025620,제이준코스메틱,KOSPI,0,0
057540,옴니시스템,KOSDAQ,0,0
468760,유진스팩10호,KOSDAQ,0,0
030720,동원수산,KOSPI,0,0
348080,큐라티스,KOSDAQ,0,0
097870,효성오앤비,KOSDAQ,0,0
001070,대한방직,KOSPI,0,0
462020,에이치엠씨제6호스팩,KOSDAQ,0,0
00499K,롯데지주우,KOSPI,0,0
014190,원익큐브,KOSDAQ,0,0
104200,NHN벅스,KOSDAQ,0,0
001275,부국증권우,KOSPI,0,0
154030,아시아종묘,KOSDAQ,0,0
043100,솔고바이오,KOSDAQ,0,0
052670,제일바이오,KOSDAQ,0,0
003075,코오롱글로벌우,KOSPI,0,0
33626L,두산퓨얼셀2우B,KOSPI,0,0
309930,오하임앤컴퍼니,KOSDAQ,0,0
099520,ITX-AI,KOSDAQ,0,0
417180,핑거스토리,KOSDAQ,0,0
303030,지니틱스,KOSDAQ,0,0
450050,하이제8호스팩,KOSDAQ,0,0
093240,형지엘리트,KOSPI,0,0
446190,미래에셋비전스팩2호,KOSDAQ,0,0
298060,에스씨엠생명과학,KOSDAQ,0,0
352770,클리노믹스,KOSDAQ,0,0
014710,사조씨푸드,KOSPI,0,0
442770,IBKS제21호스팩,KOSDAQ,0,0
054180,메디콕스,KOSDAQ,0,0
400840,하이제7호스팩,KOSDAQ,0,0
452670,상상인제4호스팩,KOSDAQ,0,0
224060,더코디,KOSDAQ,0,0
198080,엔피디,KOSDAQ,0,0
003560,IHQ,KOSPI,0,0
208860,엔지스테크널러지,KOSDAQ,0,0
145995,삼양사우,KOSPI,0,0
450940,유안타제14호스팩,KOSDAQ,0,0
437780,엔에이치스팩24호,KOSDAQ,0,0
059100,아이컴포넌트,KOSDAQ,0,0
455310,한화플러스제4호스팩,KOSDAQ,0,0
335870,윙스풋,KOSDAQ,0,0
33637L,솔루스첨단소재2우B,KOSPI,0,0
025890,한국주강,KOSPI,0,0
308100,까스텔바작,KOSDAQ,0,0
083640,인콘,KOSDAQ,0,0
033790,스카이문스테크놀로지,KOSDAQ,0,0
043200,파루,KOSDAQ,0,0
123750,알톤,KOSDAQ,0,0
091340,S&K폴리텍,KOSDAQ,0,0
28513K,SK케미칼우,KOSPI,0,0
452980,신한제11호스팩,KOSDAQ,0,0
448760,IBKS제22호스팩,KOSDAQ,0,0
019175,신풍제약우,KOSPI,0,0
188260,세니젠,KOSDAQ,0,0
089530,에이티세미콘,KOSDAQ,0,0
440320,오픈놀,KOSDAQ,0,0
044780,에이치케이,KOSDAQ,0,0
002690,동일제강,KOSPI,0,0
472220,신영스팩10호,KOSDAQ,0,0
009620,삼보산업,KOSDAQ,0,0
456490,교보14호스팩,KOSDAQ,0,0
004365,세방우,KOSPI,0,0
455250,KB제25호스팩,KOSDAQ,0,0
056700,신화인터텍,KOSDAQ,0,0
121850,코이즈,KOSDAQ,0,0
068100,케이웨더,KOSDAQ,0,0
037400,우리엔터프라이즈,KOSDAQ,0,0
317240,TS트릴리온,KOSDAQ,0,0
001260,남광토건,KOSPI,0,0
054940,엑사이엔씨,KOSDAQ,0,0
413630,유진스팩8호,KOSDAQ,0,0
054410,케이피티유,KOSDAQ,0,0
226360,KH 건설,KOSDAQ,0,0
035290,골드앤에스,KOSDAQ,0,0
225590,패션플랫폼,KOSDAQ,0,0
043340,에쎈테크,KOSDAQ,0,0
044380,주연테크,KOSPI,0,0
465770,STX그린로지스,KOSPI,0,0
173940,에프엔씨엔터,KOSDAQ,0,0
007680,대원,KOSDAQ,0,0
049120,파인디앤씨,KOSDAQ,0,0
208350,지란지교시큐리티,KOSDAQ,0,0
001065,JW중외제약우,KOSPI,0,0
001210,금호전기,KOSPI,0,0
045300,성우테크론,KOSDAQ,0,0
003475,유안타증권우,KOSPI,0,0
004920,씨아이테크,KOSPI,0,0
440790,교보13호스팩,KOSDAQ,0,0
009310,참엔지니어링,KOSPI,0,0
011420,갤럭시아에스엠,KOSPI,0,0
285800,진영,KOSDAQ,0,0
154040,다산솔루에타,KOSDAQ,0,0
130740,티피씨글로벌,KOSDAQ,0,0
340810,씨유박스,KOSDAQ,0,0
177350,베셀,KOSDAQ,0,0
367000,플래티어,KOSDAQ,0,0
465320,교보15호스팩,KOSDAQ,0,0
000215,DL우,KOSPI,0,0
050760,에스폴리텍,KOSDAQ,0,0
009415,태영건설우,KOSPI,0,0
011155,CJ씨푸드1우,KOSPI,0,0
004415,서울식품우,KOSPI,0,0
042040,케이피엠테크,KOSDAQ,0,0
139670,키네마스터,KOSDAQ,0,0
223310,딥마인드,KOSDAQ,0,0
038530,케이바이오,KOSDAQ,0,0
232830,시큐센,KOSDAQ,0,0
123010,아이윈플러스,KOSDAQ,0,0
019570,플루토스,KOSDAQ,0,0
014915,성문전자우,KOSPI,0,0
097800,윈팩,KOSDAQ,0,0
058530,파나케이아,KOSDAQ,0,0
299910,애닉,KOSDAQ,0,0
317690,퀀타매트릭스,KOSDAQ,0,0
097780,에코볼트,KOSDAQ,0,0
050120,ES큐브,KOSDAQ,0,0
002785,진흥기업우B,KOSPI,0,0
023460,CNH,KOSDAQ,0,0
073190,듀오백,KOSDAQ,0,0
009810,플레이그램,KOSPI,0,0
016100,리더스코스메틱,KOSDAQ,0,0
043090,더테크놀로지,KOSDAQ,0,0
025560,미래산업,KOSPI,0,0
355150,코스텍시스,KOSDAQ,0,0
001000,신라섬유,KOSDAQ,0,0
406820,뷰티스킨,KOSDAQ,0,0
087600,픽셀플러스,KOSDAQ,0,0
005965,동부건설우,KOSPI,0,0
004270,남성,KOSPI,0,0
376980,원티드랩,KOSDAQ,0,0
010400,우진아이엔에스,KOSPI,0,0
014910,성문전자,KOSPI,0,0
014285,금강공업우,KOSPI,0,0
032680,소프트센,KOSDAQ,0,0
900120,씨엑스아이,KOSDAQ,0,0
004545,깨끗한나라우,KOSPI,0,0
103230,에스앤더블류,KOSDAQ,0,0
331920,셀레믹스,KOSDAQ,0,0
320000,윈텍,KOSDAQ,0,0
222110,팬젠,KOSDAQ,0,0
085810,알티캐스트,KOSDAQ,0,0
317530,캐리소프트,KOSDAQ,0,0
015020,이스타코,KOSPI,0,0
043590,웰킵스하이텍,KOSDAQ,0,0
103840,우양,KOSDAQ,0,0
024890,대원화성,KOSPI,0,0
007120,미래아이앤지,KOSPI,0,0
187790,나노,KOSDAQ,0,0
033050,제이엠아이,KOSDAQ,0,0
003680,한성기업,KOSPI,0,0
044060,조광ILI,KOSDAQ,0,0
438700,버넥트,KOSDAQ,0,0
137080,나래나노텍,KOSDAQ,0,0
001525,동양우,KOSPI,0,0
311390,네오크레마,KOSDAQ,0,0
294140,레몬,KOSDAQ,0,0
001527,동양2우B,KOSPI,0,0
002995,금호건설우,KOSPI,0,0
054090,삼진엘앤디,KOSDAQ,0,0
424760,벨로크,KOSDAQ,0,0
215480,토박스코리아,KOSDAQ,0,0
018620,우진비앤지,KOSDAQ,0,0
376180,피코그램,KOSDAQ,0,0
002787,진흥기업2우B,KOSPI,0,0
254120,자비스,KOSDAQ,0,0
000227,유유제약2우B,KOSPI,0,0
009320,대우부품,KOSPI,0,0
032685,소프트센우,KOSDAQ,0,0
104040,대성파인텍,KOSDAQ,0,0
023440,제이스코홀딩스,KOSDAQ,0,0
113810,디젠스,KOSDAQ,0,0
258790,소프트캠프,KOSDAQ,0,0
008600,윌비스,KOSPI,0,0
000157,두산2우B,KOSPI,0,0
175250,아이큐어,KOSDAQ,0,0
024950,삼천리자전거,KOSDAQ,0,0
021045,대호특수강우,KOSDAQ,0,0
134580,탑코미디어,KOSDAQ,0,0
032940,원익,KOSDAQ,0,0
227950,엔투텍,KOSDAQ,0,0
001465,BYC우,KOSPI,0,0
000890,보해양조,KOSPI,0,0
000545,흥국화재우,KOSPI,0,0
000950,전방,KOSPI,0,0
137940,넥스트아이,KOSDAQ,0,0
069640,한세엠케이,KOSPI,0,0
128540,에코캡,KOSDAQ,0,0
347700,라이프시맨틱스,KOSDAQ,0,0
068940,셀피글로벌,KOSDAQ,0,0
021050,서원,KOSPI,0,0
038340,MIT,KOSDAQ,0,0
474930,신한제13호스팩,KOSDAQ,0,0
475250,하나33호스팩,KOSDAQ,0,0
457940,에스케이증권제10호스팩,KOSDAQ,0,0
258610,케일럼,KOSDAQ,0,0
413640,비아이매트릭스,KOSDAQ,0,0
352940,인바이오,KOSDAQ,0,0
214870,뉴지랩파마,KOSDAQ,0,0
131760,파인텍,KOSDAQ,0,0
161570,THE MIDONG,KOSDAQ,0,0
475240,하나32호스팩,KOSDAQ,0,0
413600,키움제6호스팩,KOSDAQ,0,0
060900,DGP,KOSDAQ,0,0
002820,SUN&L,KOSPI,0,0
019685,대교우B,KOSPI,0,0
002680,한탑,KOSDAQ,0,0
006380,카프로,KOSPI,0,0
442130,유진스팩9호,KOSDAQ,0,0
435870,에스케이증권제8호스팩,KOSDAQ,0,0
017000,신원종합개발,KOSDAQ,0,0
046970,우리로,KOSDAQ,0,0
196490,디에이테크놀로지,KOSDAQ,0,0
238120,얼라인드,KOSDAQ,0,0
003495,대한항공우,KOSPI,0,0
001515,SK증권우,KOSPI,0,0
241820,피씨엘,KOSDAQ,0,0
372800,아이티아이즈,KOSDAQ,0,0
000325,노루홀딩스우,KOSPI,0,0
26490K,크라운제과우,KOSPI,0,0
100220,비상교육,KOSPI,0,0
019490,하이트론,KOSPI,0,0
076610,해성옵틱스,KOSDAQ,0,0
004410,서울식품,KOSPI,0,0
353590,오토앤,KOSDAQ,0,0
086060,진바이오텍,KOSDAQ,0,0
430690,한싹,KOSDAQ,0,0
138360,협진,KOSDAQ,0,0
033200,모아텍,KOSDAQ,0,0
030350,드래곤플라이,KOSDAQ,0,0
000145,하이트진로홀딩스우,KOSPI,0,0
084670,동양고속,KOSPI,0,0
032080,아즈텍WB,KOSDAQ,0,0
336060,웨이버스,KOSDAQ,0,0
131180,딜리,KOSDAQ,0,0
001620,케이비아이동국실업,KOSPI,0,0
025870,신라에스지,KOSDAQ,0,0
000300,대유플러스,KOSPI,0,0
012205,계양전기우,KOSPI,0,0
000040,KR모터스,KOSPI,0,0
008775,호텔신라우,KOSPI,0,0
078935,GS우,KOSPI,0,0
00781K,코리아써키트2우B,KOSPI,0,0
215790,이노인스트루먼트,KOSDAQ,0,0
129890,앱코,KOSDAQ,0,0
066900,디에이피,KOSDAQ,0,0
001140,국보,KOSPI,0,0
000650,천일고속,KOSPI,0,0
001755,한양증권우,KOSPI,0,0
438580,엔에이치스팩25호,KOSDAQ,0,0
007575,일양약품우,KOSPI,0,0
090355,노루페인트우,KOSPI,0,0
096690,에이루트,KOSDAQ,0,0
052770,아이톡시,KOSDAQ,0,0
148930,에이치와이티씨,KOSDAQ,0,0
003535,한화투자증권우,KOSPI,0,0
005745,크라운해태홀딩스우,KOSPI,0,0
101400,엔시트론,KOSDAQ,0,0
001550,조비,KOSPI,0,0
36328K,티와이홀딩스우,KOSPI,0,0
002070,비비안,KOSPI,0,0
007370,진양제약,KOSDAQ,0,150
014825,동원시스템즈우,KOSPI,0,0
008355,남선알미우,KOSPI,0,0
046070,코다코,KOSDAQ,0,0
004440,삼일씨엔에스,KOSPI,0,0
389030,지니너스,KOSDAQ,0,0
189860,서전기전,KOSDAQ,0,0
466910,엔에이치스팩30호,KOSDAQ,0,0
439410,엔에이치스팩26호,KOSDAQ,0,0
069410,엔텔스,KOSDAQ,0,0
195500,마니커에프앤지,KOSDAQ,0,0
034940,조아제약,KOSDAQ,0,0
065060,지엔코,KOSDAQ,0,0
435620,하나금융25호스팩,KOSDAQ,0,0
065150,대산F&B,KOSDAQ,0,0
090150,아이윈,KOSDAQ,0,0
001795,대한제당우,KOSPI,0,0
058110,멕아이씨에스,KOSDAQ,0,0
000087,하이트진로2우B,KOSPI,0,0
065500,오리엔트정공,KOSDAQ,0,0
014990,인디에프,KOSPI,0,0
168490,한국패러랠,KOSPI,0,0
067770,세진티에스,KOSDAQ,0,0
131100,티엔엔터테인먼트,KOSDAQ,0,0
258830,세종메디칼,KOSDAQ,0,0
004835,덕성우,KOSPI,0,0
225430,케이엠제약,KOSDAQ,0,0
069140,누리플랜,KOSDAQ,0,0
115610,이미지스,KOSDAQ,0,0
076080,웰크론한텍,KOSDAQ,0,0
468510,삼성스팩9호,KOSDAQ,0,0
108675,LX하우시스우,KOSPI,0,0
208640,썸에이지,KOSDAQ,0,0
035620,바른손이앤에이,KOSDAQ,0,0
010280,쌍용정보통신,KOSDAQ,0,0
090370,메타랩스,KOSPI,0,0
053950,경남제약,KOSDAQ,0,0
419540,비스토스,KOSDAQ,0,0
023960,에쓰씨엔지니어링,KOSPI,0,0
012160,영흥,KOSPI,0,0
215380,우정바이오,KOSDAQ,0,0
430230,하나금융24호스팩,KOSDAQ,0,0
015260,에이엔피,KOSPI,0,0
060260,뉴보텍,KOSDAQ,0,0
010600,웰바이오텍,KOSPI,0,0
179530,애드바이오텍,KOSDAQ,0,0
006345,대원전선우,KOSPI,0,0
084440,유비온,KOSDAQ,0,0
900070,글로벌에스엠,KOSDAQ,0,0
222420,쎄노텍,KOSDAQ,0,0
127710,아시아경제,KOSDAQ,0,0
37550L,DL이앤씨2우(전환),KOSPI,0,0
900310,컬러레이,KOSDAQ,0,0
440820,엔에이치스팩27호,KOSDAQ,0,0
065690,파커스,KOSDAQ,0,0
036180,지더블유바이텍,KOSDAQ,0,0
361670,삼영에스앤씨,KOSDAQ,0,0
111870,KH 전자,KOSDAQ,0,0
000725,현대건설우,KOSPI,0,0
065420,에스아이리소스,KOSDAQ,0,0
208710,바이오로그디바이스,KOSDAQ,0,0
424140,케이비제21호스팩,KOSDAQ,0,0
005320,국동,KOSPI,0,0
421800,교보12호스팩,KOSDAQ,0,0
106520,노블엠앤비,KOSDAQ,0,0
033250,체시스,KOSPI,0,0
332290,누보,KOSDAQ,0,0
363250,진시스템,KOSDAQ,0,0
054220,비츠로시스,KOSDAQ,0,0
222980,한국맥널티,KOSDAQ,0,0
092600,앤씨앤,KOSDAQ,0,0
038620,위즈코프,KOSDAQ,0,0
005110,한창,KOSPI,0,0
066360,체리부로,KOSDAQ,0,0
317120,라닉스,KOSDAQ,0,0
134060,이퓨쳐,KOSDAQ,0,0
191410,육일씨엔에쓰,KOSDAQ,0,0
353190,휴럼,KOSDAQ,0,0
065570,삼영이엔씨,KOSDAQ,0,0
227100,퀀텀온,KOSDAQ,0,0
007720,대명소노시즌,KOSDAQ,0,0
210120,빅텐츠,KOSDAQ,0,0
002880,대유에이텍,KOSPI,0,0
096610,알에프세미,KOSDAQ,0,0
114450,그린생명과학,KOSDAQ,0,0
046940,우원개발,KOSDAQ,0,0
430220,신영스팩8호,KOSDAQ,0,0
000075,삼양홀딩스우,KOSPI,0,0
005257,녹십자홀딩스2우,KOSPI,0,0
214310,에스엘에너지,KOSDAQ,0,0
380540,옵티코어,KOSDAQ,0,0
036000,예림당,KOSDAQ,0,0
062970,피피아이,KOSDAQ,0,0
290120,DH오토리드,KOSDAQ,0,0
198940,한주라이트메탈,KOSDAQ,0,0
084695,대상홀딩스우,KOSPI,0,0
078860,아이오케이,KOSDAQ,0,0
031860,에스유홀딩스,KOSDAQ,0,0
066430,와이오엠,KOSDAQ,0,0
070300,엑스큐어,KOSDAQ,0,0
016670,디모아,KOSDAQ,0,0
290660,네오펙트,KOSDAQ,0,0
096870,엘디티,KOSDAQ,0,0
297570,알로이스,KOSDAQ,0,0
073540,에프알텍,KOSDAQ,0,0
237750,피앤씨테크,KOSDAQ,0,0
357880,비트나인,KOSDAQ,0,0
193250,링크드,KOSDAQ,0,0
043360,디지아이,KOSDAQ,0,0
101680,한국정밀기계,KOSDAQ,0,0
026910,광진실업,KOSDAQ,0,0
115570,스타플렉스,KOSDAQ,0,0
050090,비케이홀딩스,KOSDAQ,0,0
011080,형지I&C,KOSDAQ,0,0
250930,예선테크,KOSDAQ,0,0
230980,비유테크놀러지,KOSDAQ,0,0
351320,에스에이티이엔지,KOSDAQ,0,0
405640,신한제9호스팩,KOSDAQ,0,0
219550,디와이디,KOSDAQ,0,0
130500,GH신소재,KOSDAQ,0,0
106240,파인테크닉스,KOSDAQ,0,0
229000,젠큐릭스,KOSDAQ,0,0
002420,세기상사,KOSPI,0,0
006570,대림통상,KOSPI,0,0
051780,큐로홀딩스,KOSDAQ,0,0
036690,코맥스,KOSDAQ,0,0
153460,네이블,KOSDAQ,0,0
078590,휴림에이텍,KOSDAQ,0,0
187220,디티앤씨,KOSDAQ,0,0
313760,윌링스,KOSDAQ,0,0
045340,토탈소프트,KOSDAQ,0,0
065170,비엘팜텍,KOSDAQ,0,0
217620,디딤이앤에프,KOSDAQ,0,0
331520,밸로프,KOSDAQ,0,0
101240,씨큐브,KOSDAQ,0,0
328380,솔트웨어,KOSDAQ,0,0
286750,나노브릭,KOSDAQ,0,0
335810,프리시젼바이오,KOSDAQ,0,0
047080,한빛소프트,KOSDAQ,0,0
35320K,대덕전자1우,KOSPI,0,0
378800,샤페론,KOSDAQ,0,0
900280,골든센츄리,KOSDAQ,0,0
449020,유안타제13호스팩,KOSDAQ,0,0
065440,이루온,KOSDAQ,0,0
023790,동일철강,KOSDAQ,0,0
007815,코리아써우,KOSPI,0,0
082660,코스나인,KOSDAQ,0,0
457630,대신밸런스제16호스팩,KOSDAQ,0,0
148780,비큐에이아이,KOSDAQ,0,0
204630,스튜디오산타클로스,KOSDAQ,0,0
184230,SGA솔루션즈,KOSDAQ,0,0
238200,비피도,KOSDAQ,0,0
058450,엔터파트너즈,KOSDAQ,0,0
009460,한창제지,KOSPI,0,0
072130,유엔젤,KOSPI,0,0
069330,유아이디,KOSDAQ,0,0
070590,한솔인티큐브,KOSDAQ,0,0
362990,드림인사이트,KOSDAQ,0,0
002355,넥센타이어1우B,KOSPI,0,0
340930,유일에너테크,KOSDAQ,0,0
340440,세림B&G,KOSDAQ,0,0
071460,위니아,KOSDAQ,0,0
021040,대호특수강,KOSDAQ,0,0
028080,휴맥스홀딩스,KOSDAQ,0,0
221840,하이즈항공,KOSDAQ,0,0
088290,이원컴포텍,KOSDAQ,0,0
289010,아이스크림에듀,KOSDAQ,0,0
192410,휴림네트웍스,KOSDAQ,0,0
228340,동양파일,KOSDAQ,0,0
054300,팬스타엔터프라이즈,KOSDAQ,0,0
080720,한국유니온제약,KOSDAQ,0,0
291650,압타머사이언스,KOSDAQ,0,0
006125,SK디스커버리우,KOSPI,0,0
299660,셀리드,KOSDAQ,0,0
123330,제닉,KOSDAQ,0,0
031310,아이즈비전,KOSDAQ,0,0
900300,오가닉티코스메틱,KOSDAQ,0,0
429270,시지트로닉스,KOSDAQ,0,0
008290,원풍물산,KOSDAQ,0,0
388800,유진스팩7호,KOSDAQ,0,0
049630,재영솔루텍,KOSDAQ,0,0
016600,큐캐피탈,KOSDAQ,0,0
099410,동방선기,KOSDAQ,0,0
448370,하나27호스팩,KOSDAQ,0,0
368970,오에스피,KOSDAQ,0,0
456440,DB금융스팩11호,KOSDAQ,0,0
442310,대신밸런스제14호스팩,KOSDAQ,0,0
03481K,해성산업1우,KOSDAQ,0,0
469900,하나31호스팩,KOSDAQ,0,0
009190,대양금속,KOSPI,0,0
454640,하나29호스팩,KOSDAQ,0,0
263920,휴엠앤씨,KOSDAQ,0,0
174880,장원테크,KOSDAQ,0,0
474660,신한제12호스팩,KOSDAQ,0,0
446150,유안타제12호스팩,KOSDAQ,0,0
013810,스페코,KOSDAQ,0,0
009835,한화솔루션우,KOSPI,0,0
445970,신영스팩9호,KOSDAQ,0,0
032580,피델릭스,KOSDAQ,0,0
079950,인베니아,KOSDAQ,0,0
446840,키움제8호스팩,KOSDAQ,0,0
045510,정원엔시스,KOSDAQ,0,0
040610,SG&G,KOSDAQ,0,0
006920,모헨즈,KOSDAQ,0,0
018680,서울제약,KOSDAQ,0,0
054630,에이디칩스,KOSDAQ,0,0
001067,JW중외제약2우B,KOSPI,0,0
143540,영우디에스피,KOSDAQ,0,0
318160,셀바이오휴먼텍,KOSDAQ,0,0
152550,한국ANKOR유전,KOSPI,0,0
003465,유화증권우,KOSPI,0,0
009730,이렘,KOSDAQ,0,0
435380,유안타제10호스팩,KOSDAQ,0,0
159910,스킨앤스킨,KOSDAQ,0,0
425290,삼성스팩6호,KOSDAQ,0,0
020760,일진디스플,KOSPI,0,0
323230,엠에프엠코리아,KOSDAQ,0,0
014100,메디앙스,KOSDAQ,0,0
430700,유안타제9호스팩,KOSDAQ,0,0
279600,미디어젠,KOSDAQ,0,0
304840,피플바이오,KOSDAQ,0,0
062860,티엘아이,KOSDAQ,0,0
017250,인터엠,KOSDAQ,0,0
474490,유안타제16호스팩,KOSDAQ,0,0
455910,에스케이증권제9호스팩,KOSDAQ,0,0
263810,상신전자,KOSDAQ,0,0
032800,판타지오,KOSDAQ,0,0
036170,클라우드에어,KOSDAQ,0,0
117670,알파홀딩스,KOSDAQ,0,0
417860,오브젠,KOSDAQ,0,0
245620,EDGC,KOSDAQ,0,0
448740,삼성스팩8호,KOSDAQ,0,0
444920,유안타제11호스팩,KOSDAQ,0,0
299170,더블유에스아이,KOSDAQ,0,0
448830,미래에셋비전스팩3호,KOSDAQ,0,0
095910,에스에너지,KOSDAQ,0,0
005725,넥센우,KOSPI,0,0
377460,위니아에이드,KOSDAQ,0,0
110020,전진바이오팜,KOSDAQ,0,0
000225,유유제약1우,KOSPI,0,0
464680,KB제27호스팩,KOSDAQ,0,0
133750,메가엠디,KOSDAQ,0,0
037030,파워넷,KOSDAQ,0,0
005030,부산주공,KOSPI,0,0
052860,아이앤씨,KOSDAQ,0,0
006805,미래에셋증권우,KOSPI,0,0
290560,신시웨이,KOSDAQ,0,0
33637K,솔루스첨단소재1우,KOSPI,0,0
415580,상상인제3호스팩,KOSDAQ,0,0
196450,코아시아씨엠,KOSDAQ,0,0
081580,성우전자,KOSDAQ,0,0
101000,상상인인더스트리,KOSDAQ,0,0
439730,IBKS제20호스팩,KOSDAQ,0,0
197140,디지캡,KOSDAQ,0,0
079970,투비소프트,KOSDAQ,0,0
290380,대유,KOSDAQ,0,0
900270,헝셩그룹,KOSDAQ,0,0
027040,서울전자통신,KOSDAQ,0,0
051630,진양화학,KOSPI,0,0
091090,세원이앤씨,KOSPI,0,0
438220,대신밸런스제13호스팩,KOSDAQ,0,0
422040,엔에이치스팩23호,KOSDAQ,0,0
039740,한국정보공학,KOSDAQ,0,0
109820,진매트릭스,KOSDAQ,0,0
45014K,코오롱모빌리티그룹우,KOSPI,0,0
196700,웹스,KOSDAQ,0,0
038060,루멘스,KOSDAQ,0,0
454750,하나28호스팩,KOSDAQ,0,0
001685,대상우,KOSPI,0,0
219750,지티지웰니스,KOSDAQ,0,0
000885,한화우,KOSPI,0,0
045520,크린앤사이언스,KOSDAQ,0,0
089230,THE E&M,KOSDAQ,0,0
004255,NPC우,KOSPI,0,0
391060,엔에이치스팩20호,KOSDAQ,0,0
288330,브릿지바이오테라퓨틱스,KOSDAQ,0,0
004870,티웨이홀딩스,KOSPI,0,0
004105,태양금속우,KOSPI,0,0
069920,아이에스이커머스,KOSDAQ,0,0
469880,하나30호스팩,KOSDAQ,0,0
008500,일정실업,KOSPI,0,0
023770,플레이위드,KOSDAQ,0,0
091970,나노캠텍,KOSDAQ,0,0
406760,하나금융21호스팩,KOSDAQ,0,0
042940,상지건설,KOSDAQ,0,0
007530,와이엠,KOSDAQ,0,0
418250,시큐레터,KOSDAQ,0,0
244460,올리패스,KOSDAQ,0,0
053060,세동,KOSDAQ,0,0
457390,대신밸런스제15호스팩,KOSDAQ,0,0
065770,CS,KOSDAQ,0,0
005305,롯데칠성우,KOSPI,0,0
139050,BF랩스,KOSDAQ,0,0
247660,나노씨엠에스,KOSDAQ,0,0
013000,세우글로벌,KOSPI,0,0
089140,넥스턴바이오,KOSDAQ,0,0
146060,율촌,KOSDAQ,0,0
053590,한국테크놀로지,KOSDAQ,0,0
405000,플라즈맵,KOSDAQ,0,0
018700,바른손,KOSDAQ,0,0
418170,하나금융22호스팩,KOSDAQ,0,0
290520,신도기연,KOSDAQ,0,0
217480,에스디생명공학,KOSDAQ,0,0
127120,디엔에이링크,KOSDAQ,0,0
133820,화인베스틸,KOSPI,0,0
412930,미래에셋비전스팩1호,KOSDAQ,0,0
181340,이즈미디어,KOSDAQ,0,0
121890,에스디시스템,KOSDAQ,0,0
012340,뉴인텍,KOSDAQ,0,0
307870,비투엔,KOSDAQ,0,0
227610,아우딘퓨쳐스,KOSDAQ,0,0
37550K,DL이앤씨우,KOSPI,0,0
140910,에이리츠,KOSPI,0,0
014130,한익스프레스,KOSPI,0,0
000760,이화산업,KOSPI,0,0
436610,한국제11호스팩,KOSDAQ,0,0
458320,KB제26호스팩,KOSDAQ,0,0
18064K,한진칼우,KOSPI,0,0
446750,하나26호스팩,KOSDAQ,0,0
38380K,LX홀딩스1우,KOSPI,0,0
430460,한화플러스제3호스팩,KOSDAQ,0,0
060240,룽투코리아,KOSDAQ,0,0
415380,스튜디오삼익,KOSDAQ,0,0
354200,엔젠바이오,KOSDAQ,0,0
471050,대신밸런스제17호스팩,KOSDAQ,0,0
044180,KD,KOSDAQ,0,0
446070,유니드비티플러스,KOSPI,0,0
312610,에이에프더블류,KOSDAQ,0,0
473050,유안타제15호스팩,KOSDAQ,0,0
071950,코아스,KOSPI,0,0
039610,화성밸브,KOSDAQ,0,0
052300,씨티프라퍼티,KOSDAQ,0,0
900110,이스트아시아홀딩스,KOSDAQ,0,0
083470,이엠앤아이,KOSDAQ,0,0
001840,이화공영,KOSDAQ,0,0
007610,선도전기,KOSPI,0,0
006050,국영지앤엠,KOSDAQ,0,0
153490,우리이앤엘,KOSDAQ,0,0
114630,폴라리스우노,KOSDAQ,0,0
002025,코오롱우,KOSPI,0,0
198440,고려시멘트,KOSDAQ,0,0
275630,에스에스알,KOSDAQ,0,0
021880,메이슨캐피탈,KOSDAQ,0,0
014470,부방,KOSDAQ,0,0
102280,쌍방울,KOSPI,0,0
217270,넵튠,KOSDAQ,0,0
270660,에브리봇,KOSDAQ,0,0
000540,흥국화재,KOSPI,0,0
322000,HD현대에너지솔루션,KOSPI,0,0
071055,한국금융지주우,KOSPI,0,0
457550,우진엔텍,KOSDAQ,0,330
204620,글로벌텍스프리,KOSDAQ,0,0
254490,미래반도체,KOSDAQ,0,0
314930,바이오다인,KOSDAQ,0,0
174900,앱클론,KOSDAQ,0,0
064260,다날,KOSDAQ,0,0
217330,싸이토젠,KOSDAQ,0,0
270520,지오릿에너지,KOSDAQ,0,0
005950,이수화학,KOSPI,0,0
079810,디이엔티,KOSDAQ,0,0
214680,디알텍,KOSDAQ,0,0
030530,원익홀딩스,KOSDAQ,0,0
452260,한화갤러리아,KOSPI,0,0
389260,대명에너지,KOSDAQ,0,0
047310,파워로직스,KOSDAQ,0,0
216080,제테마,KOSDAQ,0,0
452200,민테크,KOSDAQ,0,0
402030,코난테크놀로지,KOSDAQ,0,0
000155,두산우,KOSPI,0,0
089890,코세스,KOSDAQ,0,0
042600,새로닉스,KOSDAQ,0,0
417010,나노팀,KOSDAQ,0,0
205470,휴마시스,KOSDAQ,0,0
096040,이트론,KOSDAQ,0,0
006580,대양제지,KOSDAQ,0,0
074610,이엔플러스,KOSPI,0,0
008350,남선알미늄,KOSPI,0,0
217820,원익피앤이,KOSDAQ,0,0
093640,케이알엠,KOSDAQ,0,0
146320,비씨엔씨,KOSDAQ,0,0
095720,웅진씽크빅,KOSPI,0,0
086890,이수앱지스,KOSDAQ,0,0
036030,케이티알파,KOSDAQ,0,0
102940,코오롱생명과학,KOSDAQ,0,0
083650,비에이치아이,KOSDAQ,0,0
334970,프레스티지바이오로직스,KOSDAQ,0,0
226950,올릭스,KOSDAQ,0,0
036420,콘텐트리중앙,KOSPI,0,0
097230,HJ중공업,KOSPI,0,0
011810,STX,KOSPI,0,0
121800,비덴트,KOSDAQ,0,0
037270,YG PLUS,KOSPI,0,0
101670,하이드로리튬,KOSDAQ,0,0
123860,아나패스,KOSDAQ,0,0
322310,오로스테크놀로지,KOSDAQ,0,0
451760,컨텍,KOSDAQ,0,0
950170,JTC,KOSDAQ,0,0
150840,인트로메딕,KOSDAQ,0,0
047560,이스트소프트,KOSDAQ,0,0
117730,티로보틱스,KOSDAQ,0,0
001780,알루코,KOSPI,0,0
001470,삼부토건,KOSPI,0,0
138580,비즈니스온,KOSDAQ,0,0
061970,LB세미콘,KOSDAQ,0,0
112290,와이씨켐,KOSDAQ,0,0
041020,폴라리스오피스,KOSDAQ,0,0
432720,퀄리타스반도체,KOSDAQ,0,0
00088K,한화3우B,KOSPI,0,0
025770,한국정보통신,KOSDAQ,0,0
000500,가온전선,KOSPI,0,0
039840,디오,KOSDAQ,0,0
357550,석경에이티,KOSDAQ,0,0
437730,삼현,KOSDAQ,0,0
298830,슈어소프트테크,KOSDAQ,0,0
397030,에이프릴바이오,KOSDAQ,0,0
077360,덕산하이메탈,KOSDAQ,0,0
298690,에어부산,KOSPI,0,0
051370,인터플렉스,KOSDAQ,0,0
059090,미코,KOSDAQ,0,0
004700,조광피혁,KOSPI,0,0
005690,파미셀,KOSPI,0,0
093230,이아이디,KOSPI,0,0
095700,제넥신,KOSDAQ,0,0
441270,파인엠텍,KOSDAQ,0,0
263720,디앤씨미디어,KOSDAQ,0,0
100790,미래에셋벤처투자,KOSDAQ,0,0
084680,이월드,KOSPI,0,0
012030,DB,KOSPI,0,0
052020,에스티큐브,KOSDAQ,0,0
126340,비나텍,KOSDAQ,0,0
003580,HLB글로벌,KOSPI,0,0
058820,CMG제약,KOSDAQ,0,0
304100,솔트룩스,KOSDAQ,0,0
018470,조일알미늄,KOSPI,0,0
354320,알멕,KOSDAQ,0,0
041960,코미팜,KOSDAQ,0,0
220100,퓨쳐켐,KOSDAQ,0,0
064800,젬백스링크,KOSDAQ,0,0
077970,STX엔진,KOSPI,0,0
090360,로보스타,KOSDAQ,0,0
036620,감성코퍼레이션,KOSDAQ,0,0
004560,현대비앤지스틸,KOSPI,0,0
108490,로보티즈,KOSDAQ,0,0
056080,유진로봇,KOSDAQ,0,0
278650,HLB바이오스텝,KOSDAQ,0,0
024850,HLB이노베이션,KOSDAQ,0,0
060150,인선이엔티,KOSDAQ,0,0
235980,메드팩토,KOSDAQ,0,0
268600,셀리버리,KOSDAQ,0,0
078160,메디포스트,KOSDAQ,0,0
020120,키다리스튜디오,KOSPI,0,0
290670,대보마그네틱,KOSDAQ,0,0
168360,펨트론,KOSDAQ,0,0
365590,하이딥,KOSDAQ,0,0
003555,LG우,KOSPI,0,0
205100,엑셈,KOSDAQ,0,0
321820,아티스트유나이티드,KOSDAQ,0,0
140670,알에스오토메이션,KOSDAQ,0,0
038540,상상인,KOSDAQ,0,0
016790,카나리아바이오,KOSDAQ,0,0
073570,리튬포어스,KOSDAQ,0,0
322510,제이엘케이,KOSDAQ,0,0
090710,휴림로봇,KOSDAQ,0,0
030210,다올투자증권,KOSPI,0,150
065560,녹원씨엔아이,KOSDAQ,0,0
236200,슈프리마,KOSDAQ,0,0
011000,진원생명과학,KOSPI,0,0
010955,S-Oil우,KOSPI,0,0
363280,티와이홀딩스,KOSPI,0,0
039980,폴라리스AI,KOSDAQ,0,0
097955,CJ제일제당 우,KOSPI,0,0
060590,씨티씨바이오,KOSDAQ,0,0
462520,조선내화,KOSPI,0,0
001080,만호제강,KOSPI,0,0
085670,뉴프렉스,KOSDAQ,0,0
156100,엘앤케이바이오,KOSDAQ,0,0
024810,이화전기,KOSDAQ,0,0
411080,샌즈랩,KOSDAQ,0,0
246710,티앤알바이오팹,KOSDAQ,0,0
067000,조이시티,KOSDAQ,0,0
183490,엔지켐생명과학,KOSDAQ,0,0
010580,에스엠벡셀,KOSPI,0,0
064820,케이프,KOSDAQ,0,0
042420,네오위즈홀딩스,KOSDAQ,0,0
011330,유니켐,KOSPI,0,0
377450,리파인,KOSDAQ,0,0
382800,지앤비에스 에코,KOSDAQ,0,0
028100,동아지질,KOSPI,0,500
138610,나이벡,KOSDAQ,0,0
300080,플리토,KOSDAQ,0,0
206560,덱스터,KOSDAQ,0,0
042520,한스바이오메드,KOSDAQ,0,0
080420,모다이노칩,KOSDAQ,0,0
191420,테고사이언스,KOSDAQ,0,0
290550,디케이티,KOSDAQ,0,0
000520,삼일제약,KOSPI,0,0
043610,지니뮤직,KOSDAQ,0,0
220260,켐트로스,KOSDAQ,0,0
950220,네오이뮨텍,KOSDAQ,0,0
088390,이녹스,KOSDAQ,0,0
451250,삐아,KOSDAQ,0,0
045970,코아시아,KOSDAQ,0,0
066790,씨씨에스,KOSDAQ,0,0
365270,큐라클,KOSDAQ,0,0
011785,금호석유우,KOSPI,0,0
109070,주성코퍼레이션,KOSPI,0,0
045390,대아티아이,KOSDAQ,0,0
371950,풍원정밀,KOSDAQ,0,0
207760,미스터블루,KOSDAQ,0,0
060570,드림어스컴퍼니,KOSDAQ,0,0
019680,대교,KOSPI,0,0
388720,유일로보틱스,KOSDAQ,0,0
402490,그린리소스,KOSDAQ,0,0
032820,우리기술,KOSDAQ,0,0
297090,씨에스베어링,KOSDAQ,0,0
092200,디아이씨,KOSPI,0,0
298000,효성화학,KOSPI,0,0
083790,CG인바이츠,KOSDAQ,0,0
067390,아스트,KOSDAQ,0,0
109610,에스와이,KOSDAQ,0,0
086980,쇼박스,KOSDAQ,0,0
160980,싸이맥스,KOSDAQ,0,0
048870,시너지이노베이션,KOSDAQ,0,0
219130,타이거일렉,KOSDAQ,0,0
190510,나무가,KOSDAQ,0,0
950130,엑세스바이오,KOSDAQ,0,0
200470,에이팩트,KOSDAQ,0,0
006340,대원전선,KOSPI,0,0
900290,GRT,KOSDAQ,0,0
084990,헬릭스미스,KOSDAQ,0,0
452430,사피엔반도체,KOSDAQ,0,0
033340,좋은사람들,KOSDAQ,0,0
370090,퓨런티어,KOSDAQ,0,0
321550,티움바이오,KOSDAQ,0,0
388870,파로스아이바이오,KOSDAQ,0,0
048550,SM C&C,KOSDAQ,0,0
182360,큐브엔터,KOSDAQ,0,0
199430,케이엔알시스템,KOSDAQ,0,0
063080,컴투스홀딩스,KOSDAQ,0,0
424960,스마트레이더시스템,KOSDAQ,0,0
396270,넥스트칩,KOSDAQ,0,0
228670,레이,KOSDAQ,0,0
289220,자이언트스텝,KOSDAQ,0,0
432430,와이랩,KOSDAQ,0,0
027970,한국제지,KOSPI,0,0
084650,랩지노믹스,KOSDAQ,0,0
251370,와이엠티,KOSDAQ,0,0
472850,폰드그룹,KOSDAQ,0,0
214420,토니모리,KOSPI,0,0
036220,오상헬스케어,KOSDAQ,0,2000
005945,NH투자증권우,KOSPI,0,0
009155,삼성전기우,KOSPI,0,0
057880,피에이치씨,KOSDAQ,0,0
461030,아이엠비디엑스,KOSDAQ,0,0
330860,네패스아크,KOSDAQ,0,0
005389,현대차3우B,KOSPI,0,0
000680,LS네트웍스,KOSPI,0,0
328130,루닛,KOSDAQ,0,0
047920,HLB제약,KOSDAQ,0,0
365340,성일하이텍,KOSDAQ,0,0
399720,가온칩스,KOSDAQ,0,0
082740,한화엔진,KOSPI,0,0
178320,서진시스템,KOSDAQ,0,0
000400,롯데손해보험,KOSPI,0,0
025900,동화기업,KOSDAQ,0,0
204270,제이앤티씨,KOSDAQ,0,0
232140,와이씨,KOSDAQ,0,0
140410,메지온,KOSDAQ,0,0
003620,KG모빌리티,KOSPI,0,0
039200,오스코텍,KOSDAQ,0,0
005420,코스모화학,KOSPI,0,0
298380,에이비엘바이오,KOSDAQ,0,0
393890,더블유씨피,KOSDAQ,0,0
253450,스튜디오드래곤,KOSDAQ,0,0
336260,두산퓨얼셀,KOSPI,0,0
137310,에스디바이오센서,KOSPI,0,0
248070,솔루엠,KOSPI,0,0
006360,GS건설,KOSPI,0,0
078600,대주전자재료,KOSDAQ,0,0
281740,레이크머티리얼즈,KOSDAQ,0,0
047040,대우건설,KOSPI,0,0
085660,차바이오텍,KOSDAQ,0,0
213420,덕산네오룩스,KOSDAQ GLOBAL,0,0
137400,피엔티,KOSDAQ GLOBAL,0,0
222080,씨아이에스,KOSDAQ,0,0
025320,시노펙스,KOSDAQ,0,0
093370,후성,KOSPI,0,0
418550,제이오,KOSDAQ,0,0
100090,SK오션플랜트,KOSPI,0,0
352480,씨앤씨인터내셔널,KOSDAQ,0,0
080220,제주반도체,KOSDAQ,0,0
048410,현대바이오,KOSDAQ,0,0
287410,제이시스메디칼,KOSDAQ,0,0
115450,HLB테라퓨틱스,KOSDAQ,0,0
317330,덕산테코피아,KOSDAQ,0,0
020560,아시아나항공,KOSPI,0,0
036540,SFA반도체,KOSDAQ,0,0
119860,커넥트웨이브,KOSDAQ,0,0
271940,일진하이솔루스,KOSPI,0,0
225570,넥슨게임즈,KOSDAQ,0,0
131290,티에스이,KOSDAQ GLOBAL,0,0
440110,파두,KOSDAQ,0,0
078130,국일제지,KOSDAQ,0,0
085620,미래에셋생명,KOSPI,0,0
089590,제주항공,KOSPI,0,0
257720,실리콘투,KOSDAQ,0,0
950160,코오롱티슈진,KOSDAQ,0,0
112040,위메이드,KOSDAQ,0,0
457190,이수스페셜티케미컬,KOSPI,0,0
348340,뉴로메카,KOSDAQ,0,0
035760,CJ ENM,KOSDAQ GLOBAL,0,0
034220,LG디스플레이,KOSPI,0,0
088980,맥쿼리인프라,KOSPI,0,0
001570,금양,KOSPI,0,0
005387,현대차2우B,KOSPI,0,0
066970,엘앤에프,KOSPI,0,0
326030,SK바이오팜,KOSPI,0,0
450080,에코프로머티,KOSPI,0,0
010140,삼성중공업,KOSPI,0,0
009540,HD한국조선해양,KOSPI,0,0
196170,알테오젠,KOSDAQ GLOBAL,0,0
042660,한화오션,KOSPI,0,0
402340,SK스퀘어,KOSPI,0,0
096770,SK이노베이션,KOSPI,0,0
034020,두산에너빌리티,KOSPI,0,0
329180,HD현대중공업,KOSPI,0,0
259960,크래프톤,KOSPI,0,0
028300,HLB,KOSDAQ,0,0
086520,에코프로,KOSDAQ,0,0
015760,한국전력,KOSPI,0,0
247540,에코프로비엠,KOSDAQ GLOBAL,0,0
005935,삼성전자우,KOSPI,0,0
207940,삼성바이오로직스,KOSPI,0,0
373220,LG에너지솔루션,KOSPI,0,0
028050,삼성E&A,KOSPI,0,0
348370,엔켐,KOSDAQ,0,0
005070,코스모신소재,KOSPI,0,0
141080,리가켐바이오,KOSDAQ GLOBAL,0,0
067630,HLB생명과학,KOSDAQ,0,0
240810,원익IPS,KOSDAQ GLOBAL,0,0
293490,카카오게임즈,KOSDAQ GLOBAL,0,0
009420,한올바이오파마,KOSPI,0,0
051915,LG화학우,KOSPI,0,0
263750,펄어비스,KOSDAQ GLOBAL,0,0
278470,에이피알,KOSPI,0,0
073240,금호타이어,KOSPI,0,0
145020,휴젤,KOSDAQ GLOBAL,0,0
001440,대한전선,KOSPI,0,0
036460,한국가스공사,KOSPI,0,0
454910,두산로보틱스,KOSPI,0,0
000250,삼천당제약,KOSDAQ,0,0
010620,HD현대미포,KOSPI,0,0
277810,레인보우로보틱스,KOSDAQ,0,0
005385,현대차우,KOSPI,0,0
068760,셀트리온제약,KOSDAQ,0,0
361610,SK아이이테크놀로지,KOSPI,0,0
011790,SKC,KOSPI,0,0
302440,SK바이오사이언스,KOSPI,0,0
377300,카카오페이,KOSPI,0,0
251270,넷마블,KOSPI,0,0
278280,천보,KOSDAQ GLOBAL,0,0
032350,롯데관광개발,KOSPI,0,0
064550,바이오니아,KOSDAQ,0,0
018290,브이티,KOSDAQ,0,0
252990,샘씨엔에스,KOSDAQ,0,0
033640,네패스,KOSDAQ,0,0
078350,한양디지텍,KOSDAQ,0,0
256840,한국비엔씨,KOSDAQ,0,0
092040,아미코젠,KOSDAQ,0,0
425420,티에프이,KOSDAQ,0,0
377740,바이오노트,KOSPI,0,200
304360,에스바이오메딕스,KOSDAQ,0,0
347850,디앤디파마텍,KOSDAQ,0,0
053030,바이넥스,KOSDAQ,0,0
101360,에코앤드림,KOSDAQ,0,0
044490,태웅,KOSDAQ,0,0
249420,일동제약,KOSPI,0,0
412540,제일엠앤에스,KOSDAQ,0,0
003000,부광약품,KOSPI,0,0
443670,에스피소프트,KOSDAQ,0,0
071970,STX중공업,KOSPI,0,0
011930,신성이엔지,KOSPI,0,0
084850,아이티엠반도체,KOSDAQ GLOBAL,0,0
372320,큐로셀,KOSDAQ,0,0
108860,셀바스AI,KOSDAQ,0,0
230360,에코마케팅,KOSDAQ GLOBAL,0,200
071320,지역난방공사,KOSPI,0,0
241710,코스메카코리아,KOSDAQ,0,0
094800,맵스리얼티1,KOSPI,0,0
051905,LG생활건강우,KOSPI,0,0
089980,상아프론테크,KOSDAQ,0,0
101730,위메이드맥스,KOSDAQ,0,0
042000,카페24,KOSDAQ,0,0
00104K,CJ4우(전환),KOSPI,0,0
323990,박셀바이오,KOSDAQ,0,0
338220,뷰노,KOSDAQ,0,0
118990,모트렉스,KOSDAQ,0,0
115390,락앤락,KOSPI,0,0
003545,대신증권우,KOSPI,0,0
114810,한솔아이원스,KOSDAQ,0,0
064290,인텍플러스,KOSDAQ,0,0
299900,위지윅스튜디오,KOSDAQ,0,0
007460,에이프로젠,KOSPI,0,0
166480,코아스템켐온,KOSDAQ,0,0
439090,마녀공장,KOSDAQ,0,0
290690,소룩스,KOSDAQ,0,0
448730,삼성FN리츠,KOSPI,0,0
003520,영진약품,KOSPI,0,0
007810,코리아써키트,KOSPI,0,0
122640,예스티,KOSDAQ,0,0
089970,브이엠,KOSDAQ,0,0
006405,삼성SDI우,KOSPI,0,0
051980,중앙첨단소재,KOSDAQ,0,0
445680,큐리옥스바이오시스템즈,KOSDAQ,0,0
094360,칩스앤미디어,KOSDAQ,0,0
475150,SK이터닉스,KOSPI,0,0
136510,스마트솔루션즈,KOSDAQ,0,0
033240,자화전자,KOSPI,0,0
007390,네이처셀,KOSDAQ,0,0
445090,에이직랜드,KOSDAQ,0,0
178920,PI첨단소재,KOSPI,0,0
237880,클리오,KOSDAQ,0,0
003280,흥아해운,KOSPI,0,0
032500,케이엠더블유,KOSDAQ,0,0
091810,티웨이항공,KOSPI,0,0
087010,펩트론,KOSDAQ,0,0
376300,디어유,KOSDAQ,0,0
041190,우리기술투자,KOSDAQ,0,0
455900,엔젤로보틱스,KOSDAQ,0,0
003530,한화투자증권,KOSPI,0,0
403550,쏘카,KOSPI,0,0
192650,드림텍,KOSPI,0,0
079160,CJ CGV,KOSPI,0,0
272450,진에어,KOSPI,0,0
066575,LG전자우,KOSPI,0,0
017860,DS단석,KOSPI,0,0
000815,삼성화재우,KOSPI,0,0
058970,엠로,KOSDAQ,0,0
019170,신풍제약,KOSPI,0,0
358570,지아이이노베이션,KOSDAQ,0,0
394280,오픈엣지테크놀로지,KOSDAQ,0,0
114190,강원에너지,KOSDAQ,0,0
378340,필에너지,KOSDAQ,0,0
068240,다원시스,KOSDAQ,0,0
900140,엘브이엠씨홀딩스,KOSPI,0,0
082270,젬백스,KOSDAQ,0,0
950210,프레스티지바이오파마,KOSPI,0,0
090435,아모레퍼시픽우,KOSPI,0,0
206650,유바이오로직스,KOSDAQ,0,0
215600,신라젠,KOSDAQ,0,0
060280,큐렉소,KOSDAQ,0,0
00680K,미래에셋증권2우B,KOSPI,0,0
228760,지노믹트리,KOSDAQ,0,0
095500,미래나노텍,KOSDAQ,0,0
005880,대한해운,KOSPI,0,0
200710,에이디테크놀로지,KOSDAQ,0,0
299030,하나기술,KOSDAQ,0,0
171090,선익시스템,KOSDAQ,0,0
199800,툴젠,KOSDAQ,0,0
389020,자람테크놀로지,KOSDAQ,0,0
460930,현대힘스,KOSDAQ,0,0
194480,데브시스터즈,KOSDAQ,0,0
310210,보로노이,KOSDAQ,0,0
025980,아난티,KOSDAQ,0,0
179900,유티아이,KOSDAQ,0,0
128820,대성산업,KOSPI,0,0
084730,팅크웨어,KOSDAQ,0,0
273060,와이즈버즈,KOSDAQ,0,0
015590,KIB플러그에너지,KOSPI,0,0
086040,바이오톡스텍,KOSDAQ,0,0
352910,오비고,KOSDAQ,0,0
196300,애니젠,KOSDAQ,0,0
222040,코스맥스엔비티,KOSDAQ,0,0
200230,텔콘RF제약,KOSDAQ,0,0
160550,NEW,KOSDAQ,0,0
054920,한컴위드,KOSDAQ,0,0
067290,JW신약,KOSDAQ,0,0
253840,수젠텍,KOSDAQ,0,0
065650,하이퍼코퍼레이션,KOSDAQ,0,0
101140,인바이오젠,KOSPI,0,0
318020,포인트모바일,KOSDAQ,0,0
011300,성안머티리얼스,KOSPI,0,0
204840,지엘팜텍,KOSDAQ,0,0
043220,티에스넥스젠,KOSDAQ,0,0
950200,소마젠,KOSDAQ,0,0
377030,맥스트,KOSDAQ,0,0
218150,미래생명자원,KOSDAQ,0,0
066910,손오공,KOSDAQ,0,0
238090,앤디포스,KOSDAQ,0,0
241690,유니테크노,KOSDAQ,0,0
187420,제노포커스,KOSDAQ,0,0
192250,케이사인,KOSDAQ,0,15
223250,드림씨아이에스,KOSDAQ,0,0
001380,SG글로벌,KOSPI,0,0
014200,광림,KOSDAQ,0,0
205500,액션스퀘어,KOSDAQ,0,0
302550,리메드,KOSDAQ,0,0
123840,뉴온,KOSDAQ,0,0
142280,녹십자엠에스,KOSDAQ,0,0
351330,이삭엔지니어링,KOSDAQ,0,0
034300,신세계건설,KOSPI,0,0
059270,해성에어로보틱스,KOSDAQ,0,0
053980,오상자이엘,KOSDAQ,0,0
389470,인벤티지랩,KOSDAQ,0,0
060230,소니드,KOSDAQ,0,0
208340,파멥신,KOSDAQ,0,0
080000,에스엔유,KOSDAQ,0,0
010170,대한광통신,KOSDAQ,0,0
244920,에이플러스에셋,KOSPI,0,200
376930,노을,KOSDAQ,0,0
288980,모아데이타,KOSDAQ,0,0
347740,피엔케이피부임상연구센타,KOSDAQ,0,0
039860,나노엔텍,KOSDAQ,0,0
036090,위지트,KOSDAQ,0,0
016880,웅진,KOSPI,0,0
009410,태영건설,KOSPI,0,0
308080,바이젠셀,KOSDAQ,0,0
347770,핌스,KOSDAQ,0,0
226400,오스테오닉,KOSDAQ,0,0
333430,일승,KOSDAQ,0,0
004540,깨끗한나라,KOSPI,0,0
417840,저스템,KOSDAQ,0,0
234920,자이글,KOSDAQ,0,0
263800,데이타솔루션,KOSDAQ,0,0
069540,빛과전자,KOSDAQ,0,0
360350,코셈,KOSDAQ,0,0
050110,캠시스,KOSDAQ,0,0
241770,메카로,KOSDAQ,0,0
314130,지놈앤컴퍼니,KOSDAQ,0,0
389140,포바이포,KOSDAQ,0,0
064240,홈캐스트,KOSDAQ,0,0
041590,플래스크,KOSDAQ,0,0
003060,에이프로젠바이오로직스,KOSPI,0,0
321370,센서뷰,KOSDAQ,0,0
002720,국제약품,KOSPI,0,0
359090,씨엔알리서치,KOSDAQ,0,0
323280,태성,KOSDAQ,0,0
007280,한국특강,KOSPI,0,0
361570,알비더블유,KOSDAQ,0,0
019590,엠벤처투자,KOSDAQ,0,0
043260,성호전자,KOSDAQ,0,0
241840,에이스토리,KOSDAQ,0,0
403490,우듬지팜,KOSDAQ,0,0
140430,카티스,KOSDAQ,0,0
363260,모비데이즈,KOSDAQ,0,0
094850,참좋은여행,KOSDAQ,0,0
005870,휴니드,KOSPI,0,0
226440,한송네오텍,KOSDAQ,0,0
368600,아이씨에이치,KOSDAQ,0,0
099220,SDN,KOSDAQ,0,0
087260,모바일어플라이언스,KOSDAQ,0,0
066410,버킷스튜디오,KOSDAQ,0,0
096775,SK이노베이션우,KOSPI,0,0
237820,플레이디,KOSDAQ,0,0
284620,카이노스메드,KOSDAQ,0,0
373200,엑스플러스,KOSDAQ,0,0
089790,제이티,KOSDAQ,0,0
153710,옵티팜,KOSDAQ,0,0
004720,팜젠사이언스,KOSPI,0,0
396300,세아메카닉스,KOSDAQ,0,0
071670,에이테크솔루션,KOSDAQ,0,0
369370,블리츠웨이스튜디오,KOSDAQ,0,0
126880,제이엔케이글로벌,KOSDAQ,0,0
420570,제이투케이바이오,KOSDAQ,0,0
255220,SG,KOSDAQ,0,0
142760,모아라이프플러스,KOSDAQ,0,0
317830,에스피시스템스,KOSDAQ,0,0
011150,CJ씨푸드,KOSPI,0,0
347000,센코,KOSDAQ,0,0
383930,디티앤씨알오,KOSDAQ,0,0
234100,폴라리스세원,KOSDAQ,0,0
219420,링크제니시스,KOSDAQ,0,0
290090,트윔,KOSDAQ,0,0
182400,엔케이맥스,KOSDAQ,0,0
440290,HB인베스트먼트,KOSDAQ,0,0
307180,아이엘사이언스,KOSDAQ,0,0
072990,에이치시티,KOSDAQ,0,0
122350,삼기,KOSDAQ,0,0
434480,모니터랩,KOSDAQ,0,0
118000,에스메디,KOSPI,0,0
442900,미래에셋드림스팩1호,KOSDAQ,0,0
046120,오르비텍,KOSDAQ,0,0
011230,삼화전자,KOSPI,0,0
214270,FSN,KOSDAQ,0,0
096350,대창솔루션,KOSDAQ,0,0
094840,슈프리마에이치큐,KOSDAQ,0,0
276730,제주맥주,KOSDAQ,0,0
239610,에이치엘사이언스,KOSDAQ,0,0
115440,우리넷,KOSDAQ,0,0
290720,푸드나무,KOSDAQ,0,0
03473K,SK우,KOSPI,0,0
239340,줌인터넷,KOSDAQ,0,0
242040,나무기술,KOSDAQ,0,0
119650,KC코트렐,KOSPI,0,0
038870,에코바이오,KOSDAQ,0,0
014790,HL D&I,KOSPI,0,0
037370,EG,KOSDAQ,0,0
053290,NE능률,KOSDAQ,0,0
052900,KX하이텍,KOSDAQ,0,0
101390,아이엠,KOSDAQ,0,0
013360,일성건설,KOSPI,0,0
122690,서진오토모티브,KOSDAQ,0,0
025440,DH오토웨어,KOSDAQ,0,0
017180,명문제약,KOSPI,0,0
002360,SH에너지화학,KOSPI,0,0
276040,스코넥,KOSDAQ,0,0
187660,에이디엠코리아,KOSDAQ,0,0
189330,씨이랩,KOSDAQ,0,0
001290,상상인증권,KOSPI,0,0
084180,수성웹툰,KOSDAQ,0,0
052220,iMBC,KOSDAQ,0,0
049080,기가레인,KOSDAQ,0,0
348030,모비릭스,KOSDAQ,0,0
000105,유한양행우,KOSPI,0,0
109960,AP헬스케어,KOSDAQ,0,0
069460,대호에이엘,KOSPI,0,0
024740,한일단조,KOSDAQ,0,0
049550,잉크테크,KOSDAQ,0,0
129920,대성하이텍,KOSDAQ,0,0
013720,CBI,KOSDAQ,0,0
027740,마니커,KOSPI,0,0
147760,피엠티,KOSDAQ,0,0
085310,엔케이,KOSPI,0,0
002795,아모레G우,KOSPI,0,0
900340,윙입푸드,KOSDAQ,0,0
240600,유진테크놀로지,KOSDAQ,0,0
347860,알체라,KOSDAQ,0,0
225220,제놀루션,KOSDAQ,0,0
308170,씨티알모빌리티,KOSPI,0,0
057680,티사이언티픽,KOSDAQ,0,0
222810,세토피아,KOSDAQ,0,0
004060,SG세계물산,KOSPI,0,0
33626K,두산퓨얼셀1우,KOSPI,0,0
007110,일신석재,KOSPI,0,0
064090,웨스트라이즈,KOSDAQ,0,0
049180,셀루메드,KOSDAQ,0,0
201490,미투온,KOSDAQ,0,0
185490,아이진,KOSDAQ,0,0
136410,아셈스,KOSDAQ,0,0
008970,동양철관,KOSPI,0,0
024840,KBI메탈,KOSDAQ,0,0
095270,웨이브일렉트로,KOSDAQ,0,0
056730,CNT85,KOSDAQ,0,0
031820,콤텍시스템,KOSPI,0,0
025550,한국선재,KOSDAQ,0,0
246720,아스타,KOSDAQ,0,0
263540,어스앤에어로스페이스,KOSDAQ,0,0
003925,남양유업우,KOSPI,0,0
171010,램테크놀러지,KOSDAQ,0,0
168330,내츄럴엔도텍,KOSDAQ,0,0
043910,자연과환경,KOSDAQ,0,0
303530,이노뎁,KOSDAQ,0,0
263050,유틸렉스,KOSDAQ,0,0
388790,라이콤,KOSDAQ,0,0
274400,이노시뮬레이션,KOSDAQ,0,0
064520,테크엘,KOSDAQ,0,0
263700,케어랩스,KOSDAQ,0,0
080530,코디,KOSDAQ,0,0
327260,RF머트리얼즈,KOSDAQ,0,0
450520,인스웨이브시스템즈,KOSDAQ,0,0
065950,웰크론,KOSDAQ,0,0
321260,프로이천,KOSDAQ,0,0
024800,유성티엔에스,KOSDAQ,0,0
100590,머큐리,KOSDAQ,0,0
063440,SM Life Design,KOSDAQ,0,0
068050,팬엔터테인먼트,KOSDAQ,0,0
220180,핸디소프트,KOSDAQ,0,0
355690,에이텀,KOSDAQ,0,0
033540,파라텍,KOSDAQ,0,0
033320,제이씨현시스템,KOSDAQ,0,0
222160,NPX,KOSDAQ,0,0
301300,바이브컴퍼니,KOSDAQ,0,0
322180,티라유텍,KOSDAQ,0,0
000220,유유제약,KOSPI,0,0
270870,뉴트리,KOSDAQ,0,0
083660,CSA 코스믹,KOSDAQ,0,0
032790,엠젠솔루션,KOSDAQ,0,0
307930,컴퍼니케이,KOSDAQ,0,0
160600,이큐셀,KOSDAQ,0,0
203690,스피어파워,KOSDAQ,0,0
029480,광무,KOSDAQ,0,0
274090,켄코아에어로스페이스,KOSDAQ,0,0
088800,에이스테크,KOSDAQ,0,0
439580,블루엠텍,KOSDAQ,0,0
054620,APS,KOSDAQ,0,0
104480,티케이케미칼,KOSDAQ,0,0
011700,한신기계,KOSPI,0,0
008700,아남전자,KOSPI,0,0
261200,덴티스,KOSDAQ,0,0
305090,마이크로디지탈,KOSDAQ,0,0
452190,한빛레이저,KOSDAQ,0,0
348150,고바이오랩,KOSDAQ,0,0
032860,더라미,KOSDAQ,0,0
072770,율호,KOSDAQ,0,0
159010,아스플로,KOSDAQ,0,0
170920,엘티씨,KOSDAQ,0,0
039560,다산네트웍스,KOSDAQ,0,0
277880,티에스아이,KOSDAQ,0,0
001020,페이퍼코리아,KOSPI,0,0
078940,퀀타피아,KOSDAQ,0,0
023900,풍국주정,KOSDAQ,0,0
092190,서울바이오시스,KOSDAQ,0,0
226330,신테카바이오,KOSDAQ,0,0
131400,이브이첨단소재,KOSDAQ,0,0
195990,에이비프로바이오,KOSDAQ,0,0
086960,MDS테크,KOSDAQ,0,0
012860,모베이스전자,KOSDAQ,0,0
002780,진흥기업,KOSPI,0,0
001045,CJ우,KOSPI,0,0
082850,우리바이오,KOSDAQ,0,0
070960,용평리조트,KOSPI,0,0
002210,동성제약,KOSPI,0,0
014160,대영포장,KOSPI,0,0
306620,네온테크,KOSDAQ,0,0
338840,와이바이오로직스,KOSDAQ,0,0
000180,성창기업지주,KOSPI,0,0
065450,빅텍,KOSDAQ,0,0
293780,압타바이오,KOSDAQ,0,0
082800,비보존 제약,KOSDAQ,0,0
340360,다보링크,KOSDAQ,0,0
263600,덕우전자,KOSDAQ,0,0
019550,SBI인베스트먼트,KOSDAQ,0,0
006490,인스코비,KOSPI,0,0
377480,마음AI,KOSDAQ,0,0
036630,세종텔레콤,KOSDAQ,0,0
065660,안트로젠,KOSDAQ,0,0
217730,강스템바이오텍,KOSDAQ,0,0
003547,대신증권2우B,KOSPI,0,0
180400,DXVX,KOSDAQ,0,0
419080,엔젯,KOSDAQ,0,0
149980,하이로닉,KOSDAQ,0,0
311320,지오엘리먼트,KOSDAQ,0,0
052790,액토즈소프트,KOSDAQ,0,0
033170,시그네틱스,KOSDAQ,0,0
417500,제이아이테크,KOSDAQ,0,0
900250,크리스탈신소재,KOSDAQ,0,0
357230,에이치피오,KOSDAQ,0,0
376190,LB루셈,KOSDAQ,0,0
119830,아이텍,KOSDAQ,0,0
040300,YTN,KOSDAQ,0,0
451220,아이엠티,KOSDAQ,0,0
010820,퍼스텍,KOSPI,0,0
239890,피엔에이치테크,KOSDAQ,0,0
203400,에이비온,KOSDAQ,0,0
408900,스튜디오미르,KOSDAQ,0,0
389500,에스비비테크,KOSDAQ,0,0
100130,동국S&C,KOSDAQ,0,0
388050,지투파워,KOSDAQ,0,0
013990,아가방컴퍼니,KOSDAQ,0,0
125210,아모그린텍,KOSDAQ,0,0
418420,라온텍,KOSDAQ,0,0
372910,한컴라이프케어,KOSPI,0,0
384470,코어라인소프트,KOSDAQ,0,0
203650,드림시큐리티,KOSDAQ,0,0
091440,한울소재과학,KOSDAQ,0,0
02826K,삼성물산우B,KOSPI,0,0
419050,삼기이브이,KOSDAQ,0,0
317870,엔바이오니아,KOSDAQ,0,0
453860,에이에스텍,KOSDAQ,0,0
046210,HLB파나진,KOSDAQ,0,0
109740,디에스케이,KOSDAQ,0,0
086820,바이오솔루션,KOSDAQ,0,0
175140,휴먼테크놀로지,KOSDAQ,0,0
002990,금호건설,KOSPI,0,0
079430,현대리바트,KOSPI,0,0
272110,케이엔제이,KOSDAQ,0,0
418620,이에이트,KOSDAQ,0,0
418470,밀리의서재,KOSDAQ,0,0
011690,와이투솔루션,KOSPI,0,0
362320,청담글로벌,KOSDAQ,0,0
006910,보성파워텍,KOSDAQ,0,0
264660,씨앤지하이테크,KOSDAQ,0,0
099440,스맥,KOSDAQ,0,0
139990,아주스틸,KOSPI,0,0
063170,서울옥션,KOSDAQ,0,0
356680,엑스게이트,KOSDAQ,0,0
00279K,아모레G3우(전환),KOSPI,0,0
001360,삼성제약,KOSPI,0,0
040910,아이씨디,KOSDAQ,0,0
452400,이닉스,KOSDAQ,0,416
315640,딥노이드,KOSDAQ,0,0
255440,야스,KOSDAQ,0,0
382900,범한퓨얼셀,KOSDAQ,0,0
012800,대창,KOSPI,0,0
391710,코닉오토메이션,KOSDAQ,0,0
311690,CJ 바이오사이언스,KOSDAQ,0,0
109670,씨싸이트,KOSDAQ,0,0
199550,레이저옵텍,KOSDAQ,0,0
052710,아모텍,KOSDAQ,0,0
443250,레뷰코퍼레이션,KOSDAQ,0,0
348350,위드텍,KOSDAQ,0,0
357580,아모센스,KOSDAQ,0,0
186230,그린플러스,KOSDAQ,0,0
066590,우수AMS,KOSDAQ,0,0
012600,청호ICT,KOSPI,0,0
317770,엑스페릭스,KOSDAQ,0,0
419530,SAMG엔터,KOSDAQ,0,0
236810,엔비티,KOSDAQ,0,0
054780,키이스트,KOSDAQ,0,0
051160,지어소프트,KOSDAQ,0,0
047400,유니온머티리얼,KOSPI,0,0
226340,본느,KOSDAQ,0,0
102370,케이옥션,KOSDAQ,0,0
302430,이노메트리,KOSDAQ,0,0
104620,노랑풍선,KOSDAQ,0,0
038460,바이오스마트,KOSDAQ,0,0
065130,탑엔지니어링,KOSDAQ,0,0
115180,큐리언트,KOSDAQ,0,0
095190,이엠코리아,KOSDAQ,0,0
052420,오성첨단소재,KOSDAQ,0,0
448710,코츠테크놀로지,KOSDAQ,0,0
123420,위메이드플레이,KOSDAQ,0,0
412350,레이저쎌,KOSDAQ,0,0
012170,아센디오,KOSPI,0,0
027580,상보,KOSDAQ,0,0
257370,피엔티엠에스,KOSDAQ,0,0
115160,휴맥스,KOSDAQ,0,0
407400,꿈비,KOSDAQ,0,0
061250,화일약품,KOSDAQ,0,0
033310,엠투엔,KOSDAQ,0,0
141000,비아트론,KOSDAQ,0,0
217190,제너셈,KOSDAQ,0,0
452280,한선엔지니어링,KOSDAQ,0,0
256630,포인트엔지니어링,KOSDAQ,0,0
059120,아진엑스텍,KOSDAQ,0,0
123690,한국화장품,KOSPI,0,0
105760,포스뱅크,KOSDAQ,0,0
099750,이지케어텍,KOSDAQ,0,0
056090,이노시스,KOSDAQ,0,0
033230,인성정보,KOSDAQ,0,0
250060,모비스,KOSDAQ,0,0
446540,메가터치,KOSDAQ,0,0
007820,에스엠코어,KOSDAQ,0,0
424980,마이크로투나노,KOSDAQ,0,0
049520,유아이엘,KOSDAQ,0,0
027830,대성창투,KOSDAQ,0,0
008110,대동전자,KOSPI,0,0
145210,다이나믹디자인,KOSPI,0,0
104540,코렌텍,KOSDAQ,0,0
047820,초록뱀미디어,KOSDAQ,0,0
206400,베노티앤알,KOSDAQ,0,0
060310,3S,KOSDAQ,0,0
066700,테라젠이텍스,KOSDAQ,0,0
332570,와이팜,KOSDAQ,0,0
200350,래몽래인,KOSDAQ,0,0
096630,에스코넥,KOSDAQ,0,0
256940,케이피에스,KOSDAQ,0,0
063160,종근당바이오,KOSPI,0,0
108380,대양전기공업,KOSDAQ,0,0
452160,제이엔비,KOSDAQ,0,0
269620,시스웍,KOSDAQ,0,0
066980,한성크린텍,KOSDAQ,0,0
261780,차백신연구소,KOSDAQ,0,0
310200,애니플러스,KOSDAQ,0,0
294090,이오플로우,KOSDAQ,0,0
215090,휴센텍,KOSDAQ,0,0
164060,이루다,KOSDAQ,0,0
074430,아미노로직스,KOSDAQ,0,0
300120,라온피플,KOSDAQ,0,0
040350,크레오에스지,KOSDAQ,0,0
432470,케이엔에스,KOSDAQ,0,0
042510,라온시큐어,KOSDAQ,0,0
214330,금호에이치티,KOSPI,0,0
035610,솔본,KOSDAQ,0,0
294630,서남,KOSDAQ,0,0
082210,옵트론텍,KOSDAQ,0,0
124500,아이티센,KOSDAQ,0,0
148140,비디아이,KOSDAQ,0,0
033180,KH 필룩스,KOSPI,0,0
037950,엘컴텍,KOSDAQ,0,0
178780,일월지엠엘,KOSDAQ,0,0
105330,케이엔더블유,KOSDAQ,0,0
208370,셀바스헬스케어,KOSDAQ,0,0
214260,라파스,KOSDAQ,0,0
151910,SBW생명과학,KOSDAQ,0,0
355390,크라우드웍스,KOSDAQ,0,0
291230,엔피,KOSDAQ,0,0
071200,인피니트헬스케어,KOSDAQ,0,0
038880,아이에이,KOSDAQ,0,0
105550,트루윈,KOSDAQ,0,0
027050,코리아나,KOSDAQ,0,0
080580,오킨스전자,KOSDAQ,0,0
251120,바이오에프디엔씨,KOSDAQ,0,0
061040,알에프텍,KOSDAQ,0,0
026150,특수건설,KOSDAQ,0,0
267320,나인테크,KOSDAQ,0,0
079980,휴비스,KOSPI,0,0
018000,유니슨,KOSDAQ,0,0
030790,비케이탑스,KOSPI,0,0
